{"type":"FeatureCollection","attribution":"Parcels: San Diego County Assessor via SanGIS, October 2023","features":[{"type":"Feature","properties":{"apn":"3582110100","address":"1651 Paseo Bonita","street":"Paseo Bonita","lot":"Lot 66","unit":1,"map":"3966"},"geometry":{"type":"Polygon","coordinates":[[[-117.2561574,32.8202208],[-117.2561653,32.8202328],[-117.2561717,32.8202454],[-117.2561765,32.8202586],[-117.2561796,32.820272],[-117.2561809,32.8202857],[-117.2561806,32.8202995],[-117.2561785,32.8203131],[-117.2561748,32.8203264],[-117.2561693,32.8203394],[-117.2561623,32.8203518],[-117.2561538,32.8203635],[-117.2561438,32.8203744],[-117.2561326,32.8203843],[-117.2561201,32.8203931],[-117.2561067,32.8204008],[-117.2560923,32.8204073],[-117.2560772,32.8204124],[-117.2560616,32.8204161],[-117.2560064,32.8204303],[-117.2551631,32.8206263],[-117.255168,32.8206394],[-117.255169,32.8206433],[-117.2557175,32.8205145],[-117.2559906,32.8204504],[-117.2570038,32.8202125],[-117.2568476,32.8196979],[-117.2567567,32.8197178],[-117.2566706,32.8197366],[-117.2561574,32.8202208]]]}},{"type":"Feature","properties":{"apn":"3582110200","address":"1661 Paseo Bonita","street":"Paseo Bonita","lot":"Lot 65","unit":1,"map":"3966"},"geometry":{"type":"Polygon","coordinates":[[[-117.2559777,32.8201675],[-117.2559875,32.8201648],[-117.2560034,32.8201619],[-117.2560196,32.8201605],[-117.2560359,32.8201605],[-117.256052,32.8201619],[-117.2560679,32.8201649],[-117.2560834,32.8201692],[-117.2560982,32.8201748],[-117.2561122,32.8201818],[-117.2561253,32.82019],[-117.2561373,32.8201993],[-117.256148,32.8202096],[-117.2561574,32.8202208],[-117.2566706,32.8197366],[-117.2560683,32.8198691],[-117.2558992,32.8199054],[-117.2559777,32.8201675]]]}},{"type":"Feature","properties":{"apn":"3582110300","address":"1671 Paseo Bonita","street":"Paseo Bonita","lot":"Lot 64","unit":1,"map":"3966"},"geometry":{"type":"Polygon","coordinates":[[[-117.2556394,32.8199623],[-117.2557415,32.8203198],[-117.2558259,32.8202999],[-117.2558407,32.8202944],[-117.255854,32.8202866],[-117.2558654,32.8202768],[-117.2558744,32.8202654],[-117.2558807,32.8202527],[-117.2558836,32.8202452],[-117.25589,32.8202326],[-117.255898,32.8202206],[-117.2559074,32.8202094],[-117.2559181,32.8201991],[-117.2559301,32.8201898],[-117.2559432,32.8201817],[-117.2559572,32.8201747],[-117.2559721,32.8201691],[-117.2559777,32.8201675],[-117.2558992,32.8199054],[-117.2558806,32.8199098],[-117.2558475,32.8199176],[-117.2556394,32.8199623]]]}},{"type":"Feature","properties":{"apn":"3582110400","address":"1681 Paseo Bonita","street":"Paseo Bonita","lot":"Lot 63","unit":1,"map":"3966"},"geometry":{"type":"Polygon","coordinates":[[[-117.2554132,32.8201524],[-117.2554817,32.8203796],[-117.2557252,32.8203227],[-117.2557415,32.8203198],[-117.2556394,32.8199623],[-117.2555232,32.8199877],[-117.2553735,32.8200204],[-117.2554132,32.8201524]]]}},{"type":"Feature","properties":{"apn":"3582110500","address":"1691 Paseo Bonita","street":"Paseo Bonita","lot":"Lot 62","unit":1,"map":"3966"},"geometry":{"type":"Polygon","coordinates":[[[-117.2550041,32.8203063],[-117.2550118,32.8203185],[-117.2550195,32.8203306],[-117.2550271,32.8203427],[-117.2550347,32.8203549],[-117.2550422,32.8203671],[-117.2550497,32.8203793],[-117.2550572,32.8203915],[-117.2550646,32.8204037],[-117.255072,32.8204159],[-117.2550779,32.8204249],[-117.2550882,32.8204355],[-117.255101,32.820444],[-117.2551156,32.82045],[-117.2551314,32.8204532],[-117.2551476,32.8204535],[-117.2551635,32.8204509],[-117.2554817,32.8203796],[-117.2554132,32.8201524],[-117.2550041,32.8203063]]]}},{"type":"Feature","properties":{"apn":"3582110600","address":"5780 Rutgers Road","street":"Rutgers Road","lot":"Lot 61","unit":1,"map":"3966"},"geometry":{"type":"Polygon","coordinates":[[[-117.2548358,32.8201271],[-117.2548465,32.8201375],[-117.2548572,32.8201479],[-117.2548677,32.8201583],[-117.2548783,32.8201688],[-117.2548887,32.8201794],[-117.2548991,32.8201899],[-117.2549094,32.8202006],[-117.2549196,32.8202113],[-117.2549298,32.820222],[-117.2549399,32.8202328],[-117.2549499,32.8202436],[-117.2549599,32.8202545],[-117.2549698,32.8202654],[-117.2549796,32.8202763],[-117.2549894,32.8202873],[-117.254999,32.8202983],[-117.2550041,32.8203063],[-117.2554132,32.8201524],[-117.2553735,32.8200204],[-117.2552199,32.8199695],[-117.2549963,32.820062],[-117.2548358,32.8201271]]]}},{"type":"Feature","properties":{"apn":"3582110700","address":"5760 Rutgers Road","street":"Rutgers Road","lot":"Lot 60","unit":1,"map":"3966"},"geometry":{"type":"Polygon","coordinates":[[[-117.254804,32.8197475],[-117.2547883,32.819753],[-117.2547734,32.8197586],[-117.2547585,32.8197641],[-117.2547437,32.8197697],[-117.2547288,32.8197754],[-117.254714,32.8197811],[-117.2546993,32.8197869],[-117.2546845,32.8197927],[-117.2546698,32.8197985],[-117.2546551,32.8198044],[-117.2546404,32.8198103],[-117.2546257,32.8198163],[-117.2546225,32.8198177],[-117.2546097,32.8198261],[-117.2545989,32.8198364],[-117.2545906,32.8198482],[-117.254585,32.8198611],[-117.2545823,32.8198746],[-117.2545826,32.8198883],[-117.2545859,32.8199018],[-117.254592,32.8199145],[-117.2545976,32.8199223],[-117.2546018,32.8199259],[-117.2546134,32.8199356],[-117.2546251,32.8199452],[-117.2546369,32.8199546],[-117.2546488,32.8199639],[-117.2546609,32.8199731],[-117.2546732,32.8199822],[-117.2546794,32.8199873],[-117.254691,32.819997],[-117.2547025,32.8200067],[-117.2547139,32.8200164],[-117.2547253,32.8200262],[-117.2547367,32.8200361],[-117.2547479,32.820046],[-117.2547592,32.820056],[-117.2547703,32.820066],[-117.2547814,32.8200761],[-117.2547924,32.8200862],[-117.2548034,32.8200963],[-117.2548143,32.8201065],[-117.2548251,32.8201168],[-117.2548358,32.8201271],[-117.2549963,32.820062],[-117.254804,32.8197475]]]}},{"type":"Feature","properties":{"apn":"3582110800","address":"1684 Via Corona","street":"Via Corona","lot":"Lot 59","unit":1,"map":"3966"},"geometry":{"type":"Polygon","coordinates":[[[-117.254804,32.8197475],[-117.2549963,32.820062],[-117.2552199,32.8199695],[-117.2550472,32.8196658],[-117.2550298,32.8196709],[-117.2550145,32.8196757],[-117.2549993,32.8196805],[-117.2549841,32.8196854],[-117.2549689,32.8196903],[-117.2549537,32.8196953],[-117.2549386,32.8197003],[-117.2549234,32.8197054],[-117.2549083,32.8197105],[-117.2548932,32.8197156],[-117.2548782,32.8197208],[-117.2548631,32.8197261],[-117.2548481,32.8197314],[-117.2548331,32.8197367],[-117.2548182,32.8197421],[-117.254804,32.8197475]]]}},{"type":"Feature","properties":{"apn":"3582110900","address":"1672 Via Corona","street":"Via Corona","lot":"Lot 58","unit":1,"map":"3966"},"geometry":{"type":"Polygon","coordinates":[[[-117.2552199,32.8199695],[-117.2553735,32.8200204],[-117.2555232,32.8199877],[-117.2552912,32.8196071],[-117.2552818,32.81961],[-117.2552665,32.8196145],[-117.255251,32.8196187],[-117.2552354,32.8196227],[-117.2552197,32.8196264],[-117.255204,32.8196299],[-117.2551881,32.819633],[-117.2551722,32.8196359],[-117.2551563,32.8196385],[-117.2551402,32.8196409],[-117.2551241,32.8196429],[-117.2551064,32.8196477],[-117.255091,32.8196522],[-117.2550757,32.8196568],[-117.2550604,32.8196615],[-117.2550472,32.8196658],[-117.2552199,32.8199695]]]}},{"type":"Feature","properties":{"apn":"3582111000","address":"1660 Via Corona","street":"Via Corona","lot":"Lot 57","unit":1,"map":"3966"},"geometry":{"type":"Polygon","coordinates":[[[-117.2552912,32.8196071],[-117.2555232,32.8199877],[-117.2556394,32.8199623],[-117.2558475,32.8199176],[-117.2558806,32.8199098],[-117.2558648,32.8198684],[-117.2554817,32.8195221],[-117.2554692,32.8195281],[-117.2554558,32.8195359],[-117.2554421,32.8195434],[-117.2554283,32.8195507],[-117.2554144,32.8195578],[-117.2554002,32.8195646],[-117.2553859,32.8195711],[-117.2553715,32.8195774],[-117.2553569,32.8195835],[-117.2553421,32.8195893],[-117.2553273,32.8195949],[-117.2553122,32.8196002],[-117.2552971,32.8196052],[-117.2552912,32.8196071]]]}},{"type":"Feature","properties":{"apn":"3582111100","address":"1648 Via Corona","street":"Via Corona","lot":"Lot 56","unit":1,"map":"3966"},"geometry":{"type":"Polygon","coordinates":[[[-117.2554817,32.8195221],[-117.2558648,32.8198684],[-117.2559712,32.819565],[-117.2556442,32.8193787],[-117.2556408,32.819383],[-117.2556315,32.8193943],[-117.2556219,32.8194054],[-117.2556119,32.8194162],[-117.2556016,32.8194269],[-117.255591,32.8194373],[-117.2555801,32.8194475],[-117.2555689,32.8194574],[-117.2555574,32.8194672],[-117.2555456,32.8194766],[-117.2555335,32.8194858],[-117.2555209,32.8194948],[-117.2555083,32.8195035],[-117.2554955,32.8195119],[-117.2554817,32.8195221]]]}},{"type":"Feature","properties":{"apn":"3582111200","address":"1634 Via Corona","street":"Via Corona","lot":"Lot 55","unit":1,"map":"3966"},"geometry":{"type":"Polygon","coordinates":[[[-117.2556442,32.8193787],[-117.2559712,32.819565],[-117.2560777,32.8192616],[-117.2557364,32.8191959],[-117.2557331,32.8192082],[-117.255729,32.8192215],[-117.2557245,32.8192347],[-117.2557196,32.8192478],[-117.2557143,32.8192608],[-117.2557086,32.8192737],[-117.2557026,32.8192864],[-117.2556961,32.8192991],[-117.2556893,32.8193115],[-117.2556821,32.8193239],[-117.2556746,32.819336],[-117.2556667,32.8193481],[-117.2556584,32.8193599],[-117.2556498,32.8193715],[-117.2556442,32.8193787]]]}},{"type":"Feature","properties":{"apn":"3582111300","address":"1616 Via Corona","street":"Via Corona","lot":"Lot 54","unit":1,"map":"3966"},"geometry":{"type":"Polygon","coordinates":[[[-117.2557364,32.8191959],[-117.2560777,32.8192616],[-117.2562759,32.8189522],[-117.2557488,32.819003],[-117.2557506,32.8190166],[-117.255752,32.8190303],[-117.255753,32.819044],[-117.2557536,32.8190578],[-117.2557537,32.8190715],[-117.2557533,32.8190852],[-117.2557525,32.819099],[-117.2557513,32.8191127],[-117.2557497,32.8191263],[-117.2557476,32.81914],[-117.2557454,32.8191542],[-117.2557429,32.8191678],[-117.2557401,32.8191813],[-117.2557364,32.8191959]]]}},{"type":"Feature","properties":{"apn":"3582120100","address":"5791 Rutgers Road","street":"Rutgers Road","lot":"Lot 1","unit":1,"map":"3966"},"geometry":{"type":"Polygon","coordinates":[[[-117.2540187,32.820798],[-117.2540457,32.8208908],[-117.2549768,32.8206752],[-117.2549741,32.8206683],[-117.2549688,32.8206553],[-117.2549633,32.8206424],[-117.2549577,32.8206295],[-117.2549519,32.8206166],[-117.2549472,32.8206066],[-117.2549424,32.8205935],[-117.2549374,32.8205804],[-117.2549322,32.8205674],[-117.2549267,32.8205544],[-117.2549211,32.8205415],[-117.2549153,32.8205287],[-117.2549092,32.820516],[-117.254903,32.8205033],[-117.2548966,32.8204906],[-117.25489,32.8204781],[-117.2548832,32.8204656],[-117.2548761,32.8204532],[-117.2548705,32.8204436],[-117.2540187,32.820798]]]}},{"type":"Feature","properties":{"apn":"3582120200","address":"5781 Rutgers Road","street":"Rutgers Road","lot":"Lot 2","unit":1,"map":"3966"},"geometry":{"type":"Polygon","coordinates":[[[-117.2539766,32.820653],[-117.2540187,32.820798],[-117.2548705,32.8204436],[-117.2548689,32.8204409],[-117.2548616,32.8204286],[-117.254854,32.8204165],[-117.2548462,32.8204044],[-117.2548382,32.8203924],[-117.2548301,32.8203805],[-117.2548274,32.8203767],[-117.2548178,32.8203656],[-117.2548082,32.8203545],[-117.2547984,32.8203436],[-117.2547885,32.8203326],[-117.2547785,32.8203218],[-117.2547684,32.820311],[-117.2547582,32.8203003],[-117.254748,32.8202896],[-117.2547384,32.8202757],[-117.2539766,32.820653]]]}},{"type":"Feature","properties":{"apn":"3582120600","address":"5741 Rutgers Road","street":"Rutgers Road","lot":"Lot 6","unit":1,"map":"3966"},"geometry":{"type":"Polygon","coordinates":[[[-117.2535179,32.8202665],[-117.2535642,32.8202944],[-117.2543175,32.819885],[-117.2543115,32.8198775],[-117.2543025,32.819866],[-117.2542937,32.8198544],[-117.2542851,32.8198427],[-117.254278,32.8198329],[-117.2542767,32.819831],[-117.2542684,32.8198192],[-117.2542603,32.8198073],[-117.2542523,32.8197953],[-117.2542446,32.8197832],[-117.254237,32.819771],[-117.2542296,32.8197588],[-117.2542223,32.8197465],[-117.2542153,32.8197341],[-117.2542084,32.8197216],[-117.2542017,32.8197091],[-117.2541952,32.8196965],[-117.2541888,32.8196839],[-117.2541827,32.8196712],[-117.2541767,32.8196584],[-117.2541709,32.8196456],[-117.2535581,32.8198836],[-117.2535571,32.819884],[-117.2535397,32.8202058],[-117.2535179,32.8202665]]]}},{"type":"Feature","properties":{"apn":"3582120900","address":"5771 Rutgers Road","street":"Rutgers Road","lot":"Lot 4","unit":1,"map":"3966"},"geometry":{"type":"Polygon","coordinates":[[[-117.2538854,32.8204876],[-117.2539376,32.8205191],[-117.2539766,32.820653],[-117.2547384,32.8202757],[-117.2547271,32.8202686],[-117.2547165,32.8202581],[-117.2547058,32.8202477],[-117.2546951,32.8202374],[-117.2546842,32.8202272],[-117.2546732,32.8202171],[-117.2546621,32.820207],[-117.254651,32.820197],[-117.2546397,32.820187],[-117.2546284,32.8201772],[-117.254617,32.8201674],[-117.2546054,32.8201577],[-117.2545938,32.8201481],[-117.2545821,32.8201385],[-117.2545703,32.8201291],[-117.2545668,32.8201263],[-117.2545584,32.8201197],[-117.2545465,32.8201104],[-117.2545344,32.8201011],[-117.2545313,32.8200988],[-117.2545249,32.8200932],[-117.2538854,32.8204876]]]}},{"type":"Feature","properties":{"apn":"3582121000","address":"5761 Rutgers Road","street":"Rutgers Road","lot":"Lot 5","unit":1,"map":"3966"},"geometry":{"type":"Polygon","coordinates":[[[-117.2535642,32.8202944],[-117.2537205,32.8203884],[-117.2538854,32.8204876],[-117.2545249,32.8200932],[-117.2545199,32.8200889],[-117.2545087,32.820079],[-117.2544975,32.820069],[-117.2544864,32.8200589],[-117.2544754,32.8200488],[-117.2544645,32.8200386],[-117.2544537,32.8200283],[-117.254443,32.820018],[-117.2544323,32.8200076],[-117.2544217,32.8199972],[-117.2544113,32.8199867],[-117.2544009,32.8199761],[-117.2543906,32.8199654],[-117.2543803,32.8199548],[-117.2543799,32.8199543],[-117.2543702,32.819944],[-117.2543602,32.8199332],[-117.2543502,32.8199223],[-117.2543404,32.8199114],[-117.2543306,32.8199004],[-117.254321,32.8198893],[-117.2543175,32.819885],[-117.2535642,32.8202944]]]}},{"type":"Feature","properties":{"apn":"3582130100","address":"1655 Via Corona","street":"Via Corona","lot":"Lot 70","unit":1,"map":"3966"},"geometry":{"type":"Polygon","coordinates":[[[-117.2551426,32.8191946],[-117.2552391,32.8194756],[-117.2552541,32.8194703],[-117.255269,32.8194648],[-117.2552837,32.8194589],[-117.2552982,32.8194527],[-117.2553126,32.8194461],[-117.2553267,32.8194393],[-117.2553406,32.8194322],[-117.2553543,32.8194247],[-117.2553677,32.819417],[-117.2553809,32.819409],[-117.2553939,32.8194007],[-117.2554066,32.8193921],[-117.255419,32.8193832],[-117.2554316,32.8193737],[-117.2554434,32.8193643],[-117.2554549,32.8193545],[-117.2554659,32.8193444],[-117.2554765,32.819334],[-117.2554868,32.8193233],[-117.2554966,32.8193123],[-117.255506,32.8193011],[-117.2555149,32.8192896],[-117.2555234,32.8192779],[-117.2555314,32.8192659],[-117.255539,32.8192537],[-117.255546,32.8192414],[-117.2555526,32.8192288],[-117.2555587,32.8192161],[-117.2555643,32.8192032],[-117.2555694,32.8191901],[-117.255574,32.8191769],[-117.2555781,32.8191636],[-117.2555816,32.8191502],[-117.255584,32.8191369],[-117.2555859,32.8191233],[-117.2555873,32.8191096],[-117.2555883,32.8190959],[-117.2555886,32.819087],[-117.2552207,32.8191806],[-117.2551426,32.8191946]]]}},{"type":"Feature","properties":{"apn":"3582130200","address":"1675 Via Corona","street":"Via Corona","lot":"Lot 69","unit":1,"map":"3966"},"geometry":{"type":"Polygon","coordinates":[[[-117.2548241,32.8192517],[-117.2549551,32.8195467],[-117.2549643,32.8195439],[-117.2549797,32.8195393],[-117.254995,32.8195348],[-117.2550104,32.8195303],[-117.2550258,32.8195259],[-117.2550412,32.8195215],[-117.2550567,32.8195172],[-117.2550722,32.819513],[-117.2550877,32.8195088],[-117.2550979,32.8195076],[-117.255114,32.8195054],[-117.25513,32.8195029],[-117.2551459,32.8195],[-117.2551617,32.8194968],[-117.2551775,32.8194932],[-117.2551931,32.8194893],[-117.2552085,32.8194851],[-117.2552239,32.8194805],[-117.2552391,32.8194756],[-117.2551426,32.8191946],[-117.2548635,32.8192446],[-117.2548241,32.8192517]]]}},{"type":"Feature","properties":{"apn":"3582130300","address":"1685 Via Corona","street":"Via Corona","lot":"Lot 68","unit":1,"map":"3966"},"geometry":{"type":"Polygon","coordinates":[[[-117.2545025,32.8193093],[-117.25467,32.8196454],[-117.254678,32.8196423],[-117.2546928,32.8196366],[-117.2547076,32.8196309],[-117.2547225,32.8196253],[-117.2547374,32.8196198],[-117.2547523,32.8196144],[-117.2547673,32.819609],[-117.2547823,32.8196036],[-117.2547973,32.8195983],[-117.2548124,32.8195931],[-117.2548274,32.8195879],[-117.2548425,32.8195828],[-117.2548577,32.8195777],[-117.2548728,32.8195727],[-117.254888,32.8195678],[-117.2549032,32.8195629],[-117.2549185,32.8195581],[-117.2549337,32.8195533],[-117.254949,32.8195486],[-117.2549551,32.8195467],[-117.2548241,32.8192517],[-117.254545,32.8193017],[-117.2545025,32.8193093]]]}},{"type":"Feature","properties":{"apn":"3582130400","address":"5730 Rutgers Road","street":"Rutgers Road","lot":"Lot 67","unit":1,"map":"3966"},"geometry":{"type":"Polygon","coordinates":[[[-117.2542883,32.8193476],[-117.2542891,32.8193518],[-117.2542911,32.8193655],[-117.2542933,32.8193791],[-117.2542956,32.8193927],[-117.2542981,32.8194063],[-117.2543007,32.8194198],[-117.2543034,32.8194334],[-117.2543063,32.8194469],[-117.2543094,32.8194604],[-117.2543126,32.8194739],[-117.2543143,32.8194794],[-117.2543185,32.8194927],[-117.2543229,32.8195059],[-117.2543275,32.8195191],[-117.2543324,32.8195322],[-117.2543374,32.8195453],[-117.2543427,32.8195583],[-117.2543481,32.8195713],[-117.2543538,32.8195842],[-117.2543596,32.819597],[-117.2543657,32.8196097],[-117.2543719,32.8196224],[-117.2543784,32.819635],[-117.254385,32.8196476],[-117.2543919,32.81966],[-117.2543989,32.8196724],[-117.2544061,32.8196848],[-117.2544144,32.8196952],[-117.2544259,32.8197049],[-117.2544395,32.8197123],[-117.2544547,32.8197172],[-117.2544707,32.8197193],[-117.254487,32.8197185],[-117.2545026,32.8197149],[-117.2545171,32.8197086],[-117.2545316,32.8197023],[-117.2545461,32.819696],[-117.2545606,32.8196898],[-117.2545752,32.8196837],[-117.2545897,32.8196776],[-117.2546044,32.8196716],[-117.254619,32.8196656],[-117.2546337,32.8196597],[-117.2546484,32.8196538],[-117.2546632,32.819648],[-117.25467,32.8196454],[-117.2545025,32.8193093],[-117.2542883,32.8193476]]]}},{"type":"Feature","properties":{"apn":"3582210100","address":"1542 Copa de Oro Drive","street":"Copa de Oro Drive","lot":"Lot 50","unit":1,"map":"3966"},"geometry":{"type":"Polygon","coordinates":[[[-117.2562685,32.818342],[-117.2566376,32.8184132],[-117.2566423,32.818295],[-117.2566503,32.8180971],[-117.2562829,32.818133],[-117.256285,32.8181452],[-117.2562861,32.8181589],[-117.256287,32.8181726],[-117.2562875,32.8181863],[-117.2562876,32.8182001],[-117.2562874,32.8182138],[-117.2562869,32.8182276],[-117.256286,32.8182413],[-117.2562847,32.818255],[-117.2562831,32.8182687],[-117.2562812,32.8182823],[-117.2562789,32.8182959],[-117.2562763,32.8183095],[-117.2562733,32.818323],[-117.25627,32.8183364],[-117.2562685,32.818342]]]}},{"type":"Feature","properties":{"apn":"3582210200","address":"1552 Copa de Oro Drive","street":"Copa de Oro Drive","lot":"Lot 51","unit":1,"map":"3966"},"geometry":{"type":"Polygon","coordinates":[[[-117.2561772,32.8185327],[-117.2565106,32.8186974],[-117.2565798,32.8185427],[-117.2566376,32.8184132],[-117.2562685,32.818342],[-117.2562664,32.8183498],[-117.2562624,32.8183632],[-117.2562581,32.8183764],[-117.2562534,32.8183896],[-117.2562485,32.8184027],[-117.2562431,32.8184156],[-117.2562375,32.8184285],[-117.2562315,32.8184413],[-117.2562252,32.818454],[-117.2562186,32.8184666],[-117.2562117,32.818479],[-117.2562045,32.8184913],[-117.2561969,32.8185035],[-117.2561891,32.8185155],[-117.2561809,32.8185274],[-117.2561772,32.8185327]]]}},{"type":"Feature","properties":{"apn":"3582210300","address":"1562 Copa de Oro Drive","street":"Copa de Oro Drive","lot":"Lot 52","unit":1,"map":"3966"},"geometry":{"type":"Polygon","coordinates":[[[-117.2560158,32.8186932],[-117.2562759,32.8189522],[-117.2564467,32.8187668],[-117.2565106,32.8186974],[-117.2561772,32.8185327],[-117.2561725,32.8185392],[-117.2561637,32.8185507],[-117.2561547,32.8185622],[-117.2561454,32.8185734],[-117.2561358,32.8185845],[-117.2561259,32.8185954],[-117.2561157,32.8186062],[-117.2561053,32.8186167],[-117.2560946,32.8186271],[-117.2560837,32.8186373],[-117.2560725,32.8186472],[-117.256061,32.818657],[-117.2560493,32.8186665],[-117.2560374,32.8186759],[-117.2560252,32.818685],[-117.2560158,32.8186932]]]}},{"type":"Feature","properties":{"apn":"3582210400","address":"1606 Via Corona","street":"Via Corona","lot":"Lot 53","unit":1,"map":"3966"},"geometry":{"type":"Polygon","coordinates":[[[-117.2560158,32.8186932],[-117.2560002,32.8187026],[-117.2559873,32.818711],[-117.2559743,32.8187192],[-117.255961,32.8187272],[-117.2559476,32.8187349],[-117.255934,32.8187424],[-117.2559201,32.8187497],[-117.2559061,32.8187567],[-117.2558919,32.8187634],[-117.2558776,32.8187699],[-117.2558631,32.8187761],[-117.2558484,32.8187821],[-117.2558336,32.8187878],[-117.2558186,32.8187932],[-117.2558036,32.8187983],[-117.2557883,32.8188032],[-117.255773,32.8188078],[-117.2557688,32.8188087],[-117.2557537,32.8188138],[-117.2557402,32.8188214],[-117.2557289,32.8188313],[-117.2557203,32.8188429],[-117.2557148,32.8188558],[-117.2557127,32.8188694],[-117.255714,32.8188831],[-117.2557187,32.8188962],[-117.2557239,32.8189092],[-117.2557287,32.8189224],[-117.2557331,32.8189356],[-117.2557371,32.8189489],[-117.2557407,32.8189623],[-117.2557438,32.8189758],[-117.2557465,32.8189894],[-117.2557488,32.819003],[-117.2562759,32.8189522],[-117.2560158,32.8186932]]]}},{"type":"Feature","properties":{"apn":"3582220100","address":"1610 Copa de Oro Drive","street":"Copa de Oro Drive","lot":"Lot 71","unit":1,"map":"3966"},"geometry":{"type":"Polygon","coordinates":[[[-117.255166,32.8189398],[-117.2552207,32.8191806],[-117.2555886,32.819087],[-117.2555888,32.8190821],[-117.2555888,32.8190684],[-117.2555883,32.8190547],[-117.2555874,32.8190409],[-117.255586,32.8190273],[-117.2555841,32.8190136],[-117.2555817,32.819],[-117.2555789,32.8189865],[-117.2555756,32.818973],[-117.2555718,32.8189597],[-117.2555676,32.8189464],[-117.2555629,32.8189332],[-117.2555571,32.8189204],[-117.2555484,32.8189088],[-117.2555372,32.8188989],[-117.2555239,32.818891],[-117.2555091,32.8188854],[-117.2554932,32.8188825],[-117.2554769,32.8188822],[-117.2554614,32.8188846],[-117.2554456,32.818888],[-117.2554299,32.8188914],[-117.2554141,32.8188947],[-117.2553983,32.818898],[-117.2553824,32.8189012],[-117.2553666,32.8189044],[-117.2553508,32.8189075],[-117.2553349,32.8189106],[-117.255319,32.8189136],[-117.2553031,32.8189165],[-117.2552872,32.8189194],[-117.2552713,32.8189223],[-117.2552554,32.8189251],[-117.2552394,32.8189279],[-117.2552235,32.8189306],[-117.2552075,32.8189332],[-117.2551915,32.8189358],[-117.2551755,32.8189383],[-117.255166,32.8189398]]]}},{"type":"Feature","properties":{"apn":"3582220200","address":"1630 Copa de Oro Drive","street":"Copa de Oro Drive","lot":"Lot 72","unit":1,"map":"3966"},"geometry":{"type":"Polygon","coordinates":[[[-117.2548375,32.8189804],[-117.2548635,32.8192446],[-117.2551426,32.8191946],[-117.2552207,32.8191806],[-117.255166,32.8189398],[-117.2551595,32.8189408],[-117.2551435,32.8189433],[-117.2551275,32.8189456],[-117.2551114,32.818948],[-117.2550954,32.8189503],[-117.2550793,32.8189525],[-117.2550633,32.8189547],[-117.2550472,32.8189568],[-117.2550311,32.8189588],[-117.255015,32.8189609],[-117.2549989,32.8189628],[-117.2549828,32.8189647],[-117.2549666,32.8189666],[-117.2549505,32.8189684],[-117.2549344,32.8189701],[-117.2549182,32.8189718],[-117.254902,32.8189735],[-117.2548859,32.8189751],[-117.2548697,32.8189766],[-117.2548535,32.8189781],[-117.2548375,32.8189804]]]}},{"type":"Feature","properties":{"apn":"3582220300","address":"1650 Copa de Oro Drive","street":"Copa de Oro Drive","lot":"Lot 73","unit":1,"map":"3966"},"geometry":{"type":"Polygon","coordinates":[[[-117.2545382,32.8189963],[-117.254545,32.8193017],[-117.2548241,32.8192517],[-117.2548635,32.8192446],[-117.2548375,32.8189804],[-117.2548212,32.8189809],[-117.254805,32.8189822],[-117.2547888,32.8189835],[-117.2547725,32.8189847],[-117.2547563,32.8189859],[-117.2547401,32.818987],[-117.2547239,32.818988],[-117.2547076,32.818989],[-117.2546914,32.81899],[-117.2546752,32.8189909],[-117.2546589,32.8189917],[-117.2546427,32.8189925],[-117.2546264,32.8189933],[-117.2546102,32.8189939],[-117.2545939,32.8189946],[-117.2545777,32.8189952],[-117.2545614,32.8189957],[-117.2545451,32.8189961],[-117.2545382,32.8189963]]]}},{"type":"Feature","properties":{"apn":"3582220400","address":"5712 Rutgers Road","street":"Rutgers Road","lot":"Lot 74","unit":1,"map":"3966"},"geometry":{"type":"Polygon","coordinates":[[[-117.2545382,32.8189963],[-117.2545289,32.8189966],[-117.2545126,32.8189969],[-117.2544963,32.8189972],[-117.25448,32.8189975],[-117.2544638,32.8189977],[-117.2544475,32.8189978],[-117.2544312,32.8189979],[-117.254415,32.818998],[-117.2543987,32.818998],[-117.2543824,32.8189979],[-117.2543755,32.8189979],[-117.2543593,32.8189988],[-117.2543437,32.8190025],[-117.2543293,32.8190089],[-117.2543168,32.8190177],[-117.2543067,32.8190285],[-117.2542995,32.8190408],[-117.2542955,32.819054],[-117.2542948,32.819059],[-117.2542768,32.8191883],[-117.254277,32.8192011],[-117.2542773,32.8192148],[-117.2542778,32.8192286],[-117.2542785,32.8192423],[-117.2542793,32.819256],[-117.2542802,32.8192697],[-117.2542814,32.8192834],[-117.2542826,32.8192971],[-117.254284,32.8193108],[-117.2542856,32.8193245],[-117.2542873,32.8193382],[-117.2542883,32.8193476],[-117.2545025,32.8193093],[-117.254545,32.8193017],[-117.2545382,32.8189963]]]}},{"type":"Feature","properties":{"apn":"3582230400","address":"5701 Rutgers Road","street":"Rutgers Road","lot":"Lot 10","unit":1,"map":"3966"},"geometry":{"type":"Polygon","coordinates":[[[-117.2536002,32.8190893],[-117.2536008,32.8190894],[-117.2540874,32.8191376],[-117.2540856,32.8191228],[-117.2540862,32.8191091],[-117.2540869,32.8190964],[-117.2541108,32.8189038],[-117.2541122,32.8188926],[-117.253614,32.8188448],[-117.2536134,32.8188448],[-117.2536002,32.8190893]]]}},{"type":"Feature","properties":{"apn":"3582230500","address":"5695 Rutgers Road","street":"Rutgers Road","lot":"Lot 12","unit":1,"map":"3966"},"geometry":{"type":"Polygon","coordinates":[[[-117.2536134,32.8188448],[-117.253614,32.8188448],[-117.2541122,32.8188926],[-117.2541377,32.818692],[-117.2541469,32.8186202],[-117.2536282,32.8185809],[-117.2536277,32.8185809],[-117.2536234,32.8186604],[-117.2536134,32.8188448]]]}},{"type":"Feature","properties":{"apn":"3582230600","address":"5685 Rutgers Road","street":"Rutgers Road","lot":"Lot 13","unit":1,"map":"3966"},"geometry":{"type":"Polygon","coordinates":[[[-117.2536277,32.8185809],[-117.2536282,32.8185809],[-117.2541469,32.8186202],[-117.2541613,32.8185069],[-117.2541788,32.8183782],[-117.2536411,32.8183414],[-117.2536407,32.8183414],[-117.2536345,32.818457],[-117.2536277,32.8185809]]]}},{"type":"Feature","properties":{"apn":"3582230700","address":"5665 Rutgers Road","street":"Rutgers Road","lot":"Lot 14","unit":1,"map":"3966"},"geometry":{"type":"Polygon","coordinates":[[[-117.2536407,32.8183414],[-117.2536411,32.8183414],[-117.2541788,32.8183782],[-117.2541886,32.8183068],[-117.2542095,32.8181444],[-117.2536549,32.8180857],[-117.2536546,32.8180857],[-117.2536456,32.8182508],[-117.2536407,32.8183414]]]}},{"type":"Feature","properties":{"apn":"3582230800","address":"5731 Rutgers Road","street":"Rutgers Road","lot":"Lot 8","unit":1,"map":"3966"},"geometry":{"type":"Polygon","coordinates":[[[-117.2535777,32.8195045],[-117.2535571,32.819884],[-117.2535581,32.8198836],[-117.2541709,32.8196456],[-117.2541653,32.8196326],[-117.2541599,32.8196197],[-117.2541546,32.8196067],[-117.2541496,32.8195936],[-117.2541447,32.8195805],[-117.2541401,32.8195673],[-117.2541356,32.8195541],[-117.2541313,32.8195409],[-117.2541272,32.8195276],[-117.2541233,32.8195142],[-117.2541209,32.8195057],[-117.2541179,32.8194922],[-117.254115,32.8194786],[-117.2541123,32.8194651],[-117.2541097,32.8194515],[-117.2541072,32.8194379],[-117.2541048,32.8194243],[-117.2541026,32.8194107],[-117.2541012,32.8194018],[-117.2535785,32.8195043],[-117.2535777,32.8195045]]]}},{"type":"Feature","properties":{"apn":"3582230900","address":"5721 Rutgers Road","street":"Rutgers Road","lot":"Lot 9","unit":1,"map":"3966"},"geometry":{"type":"Polygon","coordinates":[[[-117.2536002,32.8190893],[-117.2535777,32.8195045],[-117.2535785,32.8195043],[-117.2541012,32.8194018],[-117.2541005,32.8193971],[-117.2540985,32.8193835],[-117.2540967,32.8193698],[-117.2540949,32.8193562],[-117.2540934,32.8193425],[-117.2540919,32.8193288],[-117.2540906,32.8193151],[-117.2540894,32.8193014],[-117.2540883,32.8192877],[-117.2540874,32.819274],[-117.2540866,32.8192602],[-117.2540859,32.8192465],[-117.2540853,32.8192328],[-117.2540849,32.819219],[-117.2540846,32.8192053],[-117.2540845,32.8191915],[-117.2540844,32.8191778],[-117.2540845,32.8191641],[-117.2540848,32.8191503],[-117.2540874,32.8191376],[-117.2536008,32.8190894],[-117.2536002,32.8190893]]]}},{"type":"Feature","properties":{"apn":"3582240100","address":"1553 Copa de Oro Drive","street":"Copa de Oro Drive","lot":"Lot 86","unit":1,"map":"3966"},"geometry":{"type":"Polygon","coordinates":[[[-117.2556697,32.8183084],[-117.2559536,32.8185518],[-117.2559621,32.8185444],[-117.2559731,32.8185343],[-117.2559838,32.8185239],[-117.2559941,32.8185133],[-117.2560041,32.8185024],[-117.2560137,32.8184913],[-117.256023,32.81848],[-117.2560319,32.8184685],[-117.2560404,32.8184568],[-117.2560486,32.8184449],[-117.2560563,32.8184329],[-117.2560637,32.8184206],[-117.2560707,32.8184082],[-117.2560773,32.8183956],[-117.2560834,32.8183829],[-117.2560892,32.8183701],[-117.2560945,32.8183571],[-117.2560995,32.818344],[-117.256104,32.8183308],[-117.2561081,32.8183175],[-117.2561117,32.8183041],[-117.2561149,32.8182906],[-117.2561177,32.8182771],[-117.25612,32.8182635],[-117.256122,32.8182498],[-117.2561234,32.8182362],[-117.2561244,32.8182278],[-117.2556768,32.8182093],[-117.2556697,32.8183084]]]}},{"type":"Feature","properties":{"apn":"3582240200","address":"1573 Copa de Oro Drive","street":"Copa de Oro Drive","lot":"Lot 87","unit":1,"map":"3966"},"geometry":{"type":"Polygon","coordinates":[[[-117.2554556,32.8184425],[-117.2554576,32.8184449],[-117.2554667,32.8184562],[-117.2554758,32.8184676],[-117.2554847,32.8184791],[-117.2554934,32.8184907],[-117.2555021,32.8185024],[-117.2555106,32.8185141],[-117.255519,32.8185258],[-117.2555272,32.8185377],[-117.2555354,32.8185496],[-117.2555433,32.8185616],[-117.2555512,32.8185736],[-117.2555589,32.8185857],[-117.2555665,32.8185979],[-117.2555739,32.8186101],[-117.2555812,32.8186224],[-117.2555884,32.8186347],[-117.2555954,32.8186471],[-117.2556015,32.8186559],[-117.2556119,32.8186664],[-117.2556246,32.818675],[-117.255639,32.8186813],[-117.2556546,32.8186852],[-117.2556708,32.8186863],[-117.255687,32.8186849],[-117.2557026,32.818681],[-117.2557181,32.8186767],[-117.2557334,32.8186722],[-117.2557486,32.8186672],[-117.2557636,32.8186619],[-117.2557785,32.8186563],[-117.2557931,32.8186504],[-117.2558076,32.8186441],[-117.2558219,32.8186374],[-117.2558359,32.8186305],[-117.2558497,32.8186232],[-117.2558633,32.8186156],[-117.2558766,32.8186077],[-117.2558897,32.8185995],[-117.2559025,32.8185911],[-117.255915,32.8185823],[-117.2559272,32.8185732],[-117.2559392,32.8185639],[-117.2559508,32.8185543],[-117.2559536,32.8185518],[-117.2556697,32.8183084],[-117.2554556,32.8184425]]]}},{"type":"Feature","properties":{"apn":"3582240300","address":"1560 Via Corona","street":"Via Corona","lot":"Lot 88","unit":1,"map":"3966"},"geometry":{"type":"Polygon","coordinates":[[[-117.255314,32.8182289],[-117.2553291,32.8182477],[-117.2553406,32.8182683],[-117.255348,32.8182901],[-117.2553513,32.8183126],[-117.2553517,32.8183189],[-117.2553532,32.8183251],[-117.2553558,32.8183311],[-117.2553594,32.8183367],[-117.255364,32.8183417],[-117.2553695,32.8183461],[-117.2553798,32.8183567],[-117.2553899,32.8183675],[-117.2553999,32.8183783],[-117.2554099,32.8183892],[-117.2554197,32.8184002],[-117.2554293,32.8184112],[-117.2554389,32.8184224],[-117.2554483,32.8184336],[-117.2554556,32.8184425],[-117.2556697,32.8183084],[-117.2556768,32.8182093],[-117.2556837,32.8181132],[-117.2555641,32.818005],[-117.255314,32.8182289]]]}},{"type":"Feature","properties":{"apn":"3582240600","address":"1561 Via Corona","street":"Via Corona","lot":"Lot 91","unit":1,"map":"3966"},"geometry":{"type":"Polygon","coordinates":[[[-117.2547265,32.8183766],[-117.2547022,32.8185801],[-117.2549984,32.8185336],[-117.2552911,32.8184873],[-117.2552479,32.8184413],[-117.2552411,32.8184357],[-117.2552333,32.8184312],[-117.2552248,32.8184278],[-117.2552157,32.8184256],[-117.2552063,32.8184248],[-117.2551968,32.8184253],[-117.2551712,32.8184221],[-117.2551465,32.8184154],[-117.2551235,32.8184052],[-117.2551029,32.818392],[-117.2550852,32.818376],[-117.255071,32.8183577],[-117.2550605,32.8183377],[-117.2550542,32.8183164],[-117.2547348,32.8182621],[-117.2547265,32.8183766]]]}},{"type":"Feature","properties":{"apn":"3582240700","address":"1615 Copa de Oro Drive","street":"Copa de Oro Drive","lot":"Lot 92","unit":1,"map":"3966"},"geometry":{"type":"Polygon","coordinates":[[[-117.2549984,32.8185336],[-117.2550572,32.8188165],[-117.2550732,32.8188142],[-117.2550892,32.8188118],[-117.2551053,32.8188093],[-117.2551213,32.8188068],[-117.2551372,32.8188042],[-117.2551532,32.8188016],[-117.2551692,32.8187989],[-117.2551851,32.8187962],[-117.2552011,32.8187934],[-117.255217,32.8187905],[-117.2552329,32.8187876],[-117.2552488,32.8187846],[-117.2552647,32.8187816],[-117.2552805,32.8187785],[-117.2552964,32.8187754],[-117.2553122,32.8187722],[-117.255328,32.8187689],[-117.2553438,32.8187656],[-117.2553596,32.8187623],[-117.2553753,32.8187589],[-117.2553877,32.8187551],[-117.2554018,32.8187482],[-117.2554139,32.818739],[-117.2554236,32.818728],[-117.2554305,32.8187156],[-117.2554343,32.8187023],[-117.2554349,32.8186886],[-117.2554322,32.818675],[-117.2554263,32.8186622],[-117.2554187,32.8186512],[-117.2554105,32.8186393],[-117.2554021,32.8186275],[-117.2553936,32.8186158],[-117.2553851,32.8186041],[-117.2553764,32.8185925],[-117.2553676,32.8185809],[-117.2553588,32.8185694],[-117.2553498,32.8185579],[-117.2553407,32.8185465],[-117.2553315,32.8185352],[-117.2553223,32.8185239],[-117.2553129,32.8185126],[-117.2553034,32.8185015],[-117.2552938,32.8184904],[-117.2552911,32.8184873],[-117.2549984,32.8185336]]]}},{"type":"Feature","properties":{"apn":"3582240800","address":"1645 Copa de Oro Drive","street":"Copa de Oro Drive","lot":"Lot 93","unit":1,"map":"3966"},"geometry":{"type":"Polygon","coordinates":[[[-117.254697,32.8186242],[-117.2546695,32.8188555],[-117.2546857,32.8188545],[-117.254702,32.8188535],[-117.2547182,32.8188525],[-117.2547344,32.8188513],[-117.2547506,32.8188501],[-117.2547668,32.8188489],[-117.254783,32.8188476],[-117.2547992,32.8188462],[-117.2548154,32.8188448],[-117.2548316,32.8188433],[-117.2548478,32.8188418],[-117.2548639,32.8188402],[-117.2548801,32.8188385],[-117.2548962,32.8188368],[-117.2549124,32.818835],[-117.2549285,32.8188332],[-117.2549446,32.8188313],[-117.2549607,32.8188294],[-117.2549768,32.8188274],[-117.2549929,32.8188253],[-117.255009,32.8188232],[-117.2550251,32.818821],[-117.2550411,32.8188188],[-117.2550572,32.8188165],[-117.2549984,32.8185336],[-117.2547022,32.8185801],[-117.254697,32.8186242]]]}},{"type":"Feature","properties":{"apn":"3582240900","address":"5692 Rutgers Road","street":"Rutgers Road","lot":"Lot 75","unit":1,"map":"3966"},"geometry":{"type":"Polygon","coordinates":[[[-117.254346,32.8185914],[-117.254321,32.8187867],[-117.2543213,32.8188008],[-117.2543248,32.8188142],[-117.2543313,32.8188268],[-117.2543405,32.8188381],[-117.2543522,32.8188477],[-117.2543657,32.8188552],[-117.2543808,32.8188604],[-117.2543967,32.818863],[-117.2544093,32.818863],[-117.2544256,32.818863],[-117.2544419,32.8188629],[-117.2544581,32.8188627],[-117.2544744,32.8188625],[-117.2544907,32.8188623],[-117.2545069,32.8188619],[-117.2545232,32.8188616],[-117.2545395,32.8188611],[-117.2545557,32.8188606],[-117.254572,32.8188601],[-117.2545883,32.8188595],[-117.2546045,32.8188588],[-117.2546208,32.8188581],[-117.254637,32.8188573],[-117.2546533,32.8188564],[-117.2546695,32.8188555],[-117.254697,32.8186242],[-117.254346,32.8185914]]]}},{"type":"Feature","properties":{"apn":"3582241000","address":"5676 Rutgers Road","street":"Rutgers Road","lot":"Lot 76","unit":1,"map":"3966"},"geometry":{"type":"Polygon","coordinates":[[[-117.254346,32.8185914],[-117.254697,32.8186242],[-117.2547022,32.8185801],[-117.2547265,32.8183766],[-117.2543774,32.8183464],[-117.254346,32.8185914]]]}},{"type":"Feature","properties":{"apn":"3582241100","address":"5664 Rutgers Road","street":"Rutgers Road","lot":"Lot 77","unit":1,"map":"3966"},"geometry":{"type":"Polygon","coordinates":[[[-117.2543774,32.8183464],[-117.2547265,32.8183766],[-117.2547348,32.8182621],[-117.2547489,32.8181597],[-117.2544036,32.8180874],[-117.2543941,32.8181312],[-117.2543872,32.8181753],[-117.2543774,32.8183464]]]}},{"type":"Feature","properties":{"apn":"3582310100","address":"1532 Copa de Oro Drive","street":"Copa de Oro Drive","lot":"Lot 49","unit":1,"map":"3966"},"geometry":{"type":"Polygon","coordinates":[[[-117.2562181,32.8179304],[-117.2562198,32.8179334],[-117.2562263,32.817946],[-117.2562325,32.8179587],[-117.2562385,32.8179715],[-117.256244,32.8179844],[-117.2562493,32.8179974],[-117.2562542,32.8180105],[-117.2562588,32.8180237],[-117.2562631,32.8180369],[-117.256267,32.8180503],[-117.2562706,32.8180637],[-117.2562739,32.8180771],[-117.2562768,32.8180907],[-117.2562793,32.8181042],[-117.2562815,32.8181178],[-117.2562829,32.818133],[-117.2566503,32.8180971],[-117.2566319,32.8179956],[-117.2565912,32.8177705],[-117.2562181,32.8179304]]]}},{"type":"Feature","properties":{"apn":"3582310200","address":"1522 Copa de Oro Drive","street":"Copa de Oro Drive","lot":"Lot 48","unit":1,"map":"3966"},"geometry":{"type":"Polygon","coordinates":[[[-117.2560662,32.8177671],[-117.2562087,32.8179138],[-117.2562129,32.817921],[-117.2562181,32.8179304],[-117.2565912,32.8177705],[-117.2565382,32.8177078],[-117.256479,32.8176395],[-117.2563998,32.8175439],[-117.2560662,32.8177671]]]}},{"type":"Feature","properties":{"apn":"3582310300","address":"1512 Copa de Oro Drive","street":"Copa de Oro Drive","lot":"Lot 47","unit":1,"map":"3966"},"geometry":{"type":"Polygon","coordinates":[[[-117.2558431,32.8175374],[-117.2560662,32.8177671],[-117.2563998,32.8175439],[-117.2561644,32.8174524],[-117.2559797,32.8175013],[-117.2558431,32.8175374]]]}},{"type":"Feature","properties":{"apn":"3582310400","address":"1586 Vista Claridad","street":"Vista Claridad","lot":"Lot 44","unit":1,"map":"3966"},"geometry":{"type":"Polygon","coordinates":[[[-117.2561644,32.8174524],[-117.2563998,32.8175439],[-117.2564838,32.817185],[-117.2561898,32.8171299],[-117.2561644,32.8174524]]]}},{"type":"Feature","properties":{"apn":"3582310500","address":"1596 Vista Claridad","street":"Vista Claridad","lot":"Lot 45","unit":1,"map":"3966"},"geometry":{"type":"Polygon","coordinates":[[[-117.2558616,32.8171238],[-117.2559797,32.8175013],[-117.2561644,32.8174524],[-117.2561898,32.8171299],[-117.2561509,32.8171227],[-117.2561349,32.8171201],[-117.2561188,32.8171178],[-117.2561027,32.8171158],[-117.2560866,32.8171141],[-117.2560704,32.8171127],[-117.2560542,32.8171116],[-117.2560379,32.8171108],[-117.2560217,32.8171103],[-117.2560054,32.81711],[-117.2559891,32.8171101],[-117.2559815,32.8171103],[-117.2559652,32.817111],[-117.255949,32.817112],[-117.2559328,32.8171134],[-117.2559167,32.8171151],[-117.2559006,32.8171172],[-117.2558845,32.8171197],[-117.2558686,32.8171224],[-117.2558616,32.8171238]]]}},{"type":"Feature","properties":{"apn":"3582310600","address":"5590 Rutgers Road","street":"Rutgers Road","lot":"Lot 46","unit":1,"map":"3966"},"geometry":{"type":"Polygon","coordinates":[[[-117.2558616,32.8171238],[-117.2558528,32.8171255],[-117.2558417,32.8171279],[-117.2556633,32.8171788],[-117.2556485,32.8171846],[-117.2556354,32.8171927],[-117.2556244,32.8172028],[-117.2556161,32.8172146],[-117.2556107,32.8172275],[-117.2556084,32.8172411],[-117.2556087,32.8172508],[-117.2556123,32.817261],[-117.2556174,32.817274],[-117.2556231,32.8172869],[-117.2556294,32.8172996],[-117.2556362,32.817312],[-117.2556436,32.8173243],[-117.2556515,32.8173363],[-117.25566,32.817348],[-117.255669,32.8173595],[-117.2556785,32.8173706],[-117.2556885,32.8173815],[-117.2556989,32.817392],[-117.2557099,32.8174022],[-117.2557213,32.817412],[-117.2558431,32.8175374],[-117.2559797,32.8175013],[-117.2558616,32.8171238]]]}},{"type":"Feature","properties":{"apn":"3582320100","address":"1533 Copa de Oro Drive","street":"Copa de Oro Drive","lot":"Lot 85","unit":1,"map":"3966"},"geometry":{"type":"Polygon","coordinates":[[[-117.2556768,32.8182093],[-117.2561244,32.8182278],[-117.2561245,32.8182224],[-117.256125,32.8182087],[-117.2561252,32.818195],[-117.2561249,32.8181812],[-117.2561241,32.8181675],[-117.256123,32.8181538],[-117.2561214,32.8181401],[-117.2561193,32.8181265],[-117.2561168,32.8181129],[-117.2561139,32.8180994],[-117.2561105,32.8180859],[-117.2561067,32.8180726],[-117.2561025,32.8180593],[-117.2560978,32.8180461],[-117.2560928,32.8180331],[-117.2560873,32.8180202],[-117.2560814,32.8180073],[-117.2560751,32.8179947],[-117.2560683,32.8179822],[-117.2560612,32.8179698],[-117.2560563,32.8179617],[-117.2559978,32.8179039],[-117.2556837,32.8181132],[-117.2556768,32.8182093]]]}},{"type":"Feature","properties":{"apn":"3582320200","address":null,"street":"Copa de Oro Drive","lot":"Lot 84","unit":1,"map":"3966"},"geometry":{"type":"Polygon","coordinates":[[[-117.2555641,32.818005],[-117.2556837,32.8181132],[-117.2559978,32.8179039],[-117.255793,32.8177215],[-117.2554933,32.817929],[-117.2554915,32.8179303],[-117.2555641,32.818005]]]}},{"type":"Feature","properties":{"apn":"3582320400","address":"1501 Copa de Oro Drive","street":"Copa de Oro Drive","lot":"Lot 82","unit":1,"map":"3966"},"geometry":{"type":"Polygon","coordinates":[[[-117.2551422,32.8173384],[-117.2553751,32.8176769],[-117.2556073,32.8175305],[-117.2555861,32.8175082],[-117.2555453,32.8174621],[-117.2555098,32.8174129],[-117.2554798,32.8173612],[-117.2554556,32.8173074],[-117.2554512,32.8172985],[-117.255445,32.8172905],[-117.2554372,32.8172835],[-117.2554282,32.8172778],[-117.2554181,32.8172734],[-117.2554072,32.8172706],[-117.2553959,32.8172695],[-117.2553846,32.81727],[-117.2553736,32.8172722],[-117.2552111,32.8173169],[-117.2551422,32.8173384]]]}},{"type":"Feature","properties":{"apn":"3582321100","address":"5612 Rutgers Road","street":"Rutgers Road","lot":"Parcel 2 of Parcel Map 21526","unit":1,"map":"PM21526"},"geometry":{"type":"Polygon","coordinates":[[[-117.255143,32.8177295],[-117.2551493,32.8177373],[-117.2551778,32.8177345],[-117.2552066,32.8177354],[-117.2552348,32.81774],[-117.2552618,32.8177483],[-117.2553751,32.8176769],[-117.2551422,32.8173384],[-117.2550628,32.8173678],[-117.2549861,32.8174019],[-117.2549125,32.8174405],[-117.255143,32.8177295]]]}},{"type":"Feature","properties":{"apn":"3582321200","address":"1511 Copa de Oro Drive","street":"Copa de Oro Drive","lot":"Parcel 3 of Parcel Map 21526","unit":1,"map":"PM21526"},"geometry":{"type":"Polygon","coordinates":[[[-117.2552618,32.8177483],[-117.2552871,32.81776],[-117.25531,32.8177748],[-117.2554933,32.817929],[-117.255793,32.8177215],[-117.2556073,32.8175305],[-117.2553751,32.8176769],[-117.2552618,32.8177483]]]}},{"type":"Feature","properties":{"apn":"3582321300","address":"5632 Rutgers Road","street":"Rutgers Road","lot":"Parcel 2 of Parcel Map 21715","unit":1,"map":"PM21715"},"geometry":{"type":"Polygon","coordinates":[[[-117.2544944,32.817853],[-117.2548357,32.8179882],[-117.2548775,32.8179366],[-117.2549226,32.8178871],[-117.254971,32.8178398],[-117.2549706,32.8178394],[-117.2546704,32.8176226],[-117.2546196,32.8176763],[-117.2545732,32.8177328],[-117.2545314,32.8177918],[-117.2544944,32.817853]]]}},{"type":"Feature","properties":{"apn":"3582321500","address":"5646 Rutgers Road","street":"Rutgers Road","lot":"Parcel 1 of Parcel Map 21715","unit":1,"map":"PM21715"},"geometry":{"type":"Polygon","coordinates":[[[-117.2544036,32.8180874],[-117.2547489,32.8181597],[-117.254772,32.8181005],[-117.254801,32.8180432],[-117.2548357,32.8179882],[-117.2544944,32.817853],[-117.2544566,32.817929],[-117.2544263,32.8180073],[-117.2544036,32.8180874]]]}},{"type":"Feature","properties":{"apn":"3582321700","address":"5622 Rutgers Road","street":"Rutgers Road","lot":"Parcel 3 of Parcel Map 21715","unit":1,"map":"PM21715"},"geometry":{"type":"Polygon","coordinates":[[[-117.2546704,32.8176226],[-117.2549706,32.8178394],[-117.2550241,32.8177985],[-117.2550817,32.8177617],[-117.255143,32.8177295],[-117.2549125,32.8174405],[-117.2548467,32.8174808],[-117.2547842,32.8175247],[-117.2547253,32.817572],[-117.2546704,32.8176226]]]}},{"type":"Feature","properties":{"apn":"3582322000","address":"1550 Via Corona","street":"Via Corona","lot":"Parcel 4 of Parcel Map 21715","unit":1,"map":"PM21715"},"geometry":{"type":"Polygon","coordinates":[[[-117.2547348,32.8182621],[-117.2550542,32.8183164],[-117.2550544,32.8182955],[-117.2550588,32.8182749],[-117.2550671,32.8182553],[-117.2550793,32.8182371],[-117.255095,32.8182209],[-117.2551136,32.8182071],[-117.2551347,32.8181962],[-117.2551577,32.8181885],[-117.2551819,32.8181841],[-117.2552066,32.8181833],[-117.2552312,32.8181859],[-117.2552549,32.8181921],[-117.255277,32.8182015],[-117.2552969,32.8182139],[-117.255314,32.8182289],[-117.2555641,32.818005],[-117.2554915,32.8179303],[-117.2554933,32.817929],[-117.25531,32.8177748],[-117.2552871,32.81776],[-117.2552618,32.8177483],[-117.2552348,32.81774],[-117.2552066,32.8177354],[-117.2551778,32.8177345],[-117.2551493,32.8177373],[-117.255143,32.8177295],[-117.2550817,32.8177617],[-117.2550241,32.8177985],[-117.2549706,32.8178394],[-117.254971,32.8178398],[-117.2549226,32.8178871],[-117.2548775,32.8179366],[-117.2548357,32.8179882],[-117.254801,32.8180432],[-117.254772,32.8181005],[-117.2547489,32.8181597],[-117.2547348,32.8182621]]]}},{"type":"Feature","properties":{"apn":"3582330100","address":"5585 Rutgers Road","street":"Rutgers Road","lot":"Lot 23","unit":1,"map":"3966"},"geometry":{"type":"Polygon","coordinates":[[[-117.2555154,32.8167813],[-117.2555736,32.8170257],[-117.2558169,32.816955],[-117.2558246,32.8169548],[-117.2558406,32.8169525],[-117.2558558,32.8169477],[-117.2558695,32.8169404],[-117.2558813,32.8169309],[-117.2558907,32.8169197],[-117.2558973,32.8169072],[-117.2559009,32.8168938],[-117.2559365,32.8167533],[-117.2559476,32.8167093],[-117.2556701,32.8167555],[-117.2555643,32.8167731],[-117.2555154,32.8167813]]]}},{"type":"Feature","properties":{"apn":"3582330200","address":"5595 Rutgers Road","street":"Rutgers Road","lot":"Lot 22","unit":1,"map":"3966"},"geometry":{"type":"Polygon","coordinates":[[[-117.2551935,32.8168349],[-117.2552492,32.817119],[-117.2553108,32.817102],[-117.2555736,32.8170257],[-117.2555154,32.8167813],[-117.2551935,32.8168349]]]}},{"type":"Feature","properties":{"apn":"3582330300","address":"5601 Rutgers Road","street":"Rutgers Road","lot":"Lot 21","unit":1,"map":"3966"},"geometry":{"type":"Polygon","coordinates":[[[-117.2548722,32.8168884],[-117.2550151,32.8171922],[-117.2550299,32.8171865],[-117.2550448,32.8171809],[-117.2550597,32.8171755],[-117.2550747,32.8171702],[-117.2550898,32.817165],[-117.255105,32.81716],[-117.2551202,32.8171552],[-117.2551355,32.8171505],[-117.2551509,32.8171459],[-117.2551663,32.8171415],[-117.2551817,32.8171373],[-117.2551973,32.8171332],[-117.2552492,32.817119],[-117.2551935,32.8168349],[-117.2548722,32.8168884]]]}},{"type":"Feature","properties":{"apn":"3582330400","address":"5611 Rutgers Road","street":"Rutgers Road","lot":"Lot 20","unit":1,"map":"3966"},"geometry":{"type":"Polygon","coordinates":[[[-117.2545247,32.8169891],[-117.2547861,32.8173045],[-117.25479,32.8173022],[-117.2548034,32.8172943],[-117.2548168,32.8172866],[-117.2548304,32.817279],[-117.254844,32.8172715],[-117.2548578,32.8172641],[-117.2548716,32.8172569],[-117.2548856,32.8172498],[-117.2548996,32.8172429],[-117.2549137,32.817236],[-117.2549279,32.8172294],[-117.2549423,32.8172228],[-117.2549566,32.8172164],[-117.2549711,32.8172101],[-117.2549857,32.817204],[-117.2550003,32.817198],[-117.2550151,32.8171922],[-117.2548722,32.8168884],[-117.2545932,32.8169704],[-117.2545247,32.8169891]]]}},{"type":"Feature","properties":{"apn":"3582330500","address":"5619 Rutgers Road","street":"Rutgers Road","lot":"Lot 19","unit":1,"map":"3966"},"geometry":{"type":"Polygon","coordinates":[[[-117.2541908,32.8170859],[-117.2545988,32.8174351],[-117.2546065,32.8174288],[-117.2546183,32.8174194],[-117.2546303,32.8174101],[-117.2546425,32.8174009],[-117.2546547,32.8173919],[-117.2546671,32.817383],[-117.2546796,32.8173742],[-117.2546923,32.8173656],[-117.2547051,32.8173571],[-117.2547123,32.8173521],[-117.254725,32.8173434],[-117.2547378,32.8173349],[-117.2547507,32.8173266],[-117.2547637,32.8173183],[-117.2547768,32.8173102],[-117.2547861,32.8173045],[-117.2545247,32.8169891],[-117.2543305,32.8170468],[-117.2541908,32.8170859]]]}},{"type":"Feature","properties":{"apn":"3582330600","address":"5627 Rutgers Road","street":"Rutgers Road","lot":"Lot 18","unit":1,"map":"3966"},"geometry":{"type":"Polygon","coordinates":[[[-117.2537985,32.8171996],[-117.2544467,32.8175842],[-117.2544563,32.8175731],[-117.254466,32.8175621],[-117.2544759,32.8175512],[-117.2544859,32.8175404],[-117.2544961,32.8175296],[-117.2545064,32.817519],[-117.254517,32.8175085],[-117.2545276,32.8174982],[-117.2545384,32.8174879],[-117.2545494,32.8174778],[-117.2545605,32.8174677],[-117.2545718,32.8174578],[-117.2545832,32.817448],[-117.2545948,32.8174384],[-117.2545988,32.8174351],[-117.2541908,32.8170859],[-117.2537985,32.8171996]]]}},{"type":"Feature","properties":{"apn":"3582330900","address":"5655 Rutgers Road","street":"Rutgers Road","lot":"Lot 15","unit":1,"map":"3966"},"geometry":{"type":"Polygon","coordinates":[[[-117.2536546,32.8180857],[-117.2536549,32.8180857],[-117.2542095,32.8181444],[-117.2542124,32.8181052],[-117.2542142,32.8180915],[-117.2542163,32.8180779],[-117.2542185,32.8180643],[-117.2542209,32.8180507],[-117.2542235,32.8180371],[-117.2542263,32.8180236],[-117.2542294,32.8180101],[-117.2542326,32.8179966],[-117.254236,32.8179832],[-117.2542397,32.8179698],[-117.2542435,32.8179564],[-117.2536696,32.8178134],[-117.2536554,32.8180775],[-117.2536546,32.8180857]]]}},{"type":"Feature","properties":{"apn":"3582331000","address":"5645 Rutgers Road","street":"Rutgers Road","lot":"Lot 16","unit":1,"map":"3966"},"geometry":{"type":"Polygon","coordinates":[[[-117.2536696,32.8178134],[-117.2542435,32.8179564],[-117.2542475,32.8179431],[-117.2542517,32.8179298],[-117.2542561,32.8179166],[-117.2542608,32.8179034],[-117.2542656,32.8178903],[-117.2542706,32.8178772],[-117.2542758,32.8178642],[-117.2542812,32.8178512],[-117.2542868,32.8178383],[-117.2542925,32.8178255],[-117.2542985,32.8178127],[-117.2543047,32.8178],[-117.254311,32.8177873],[-117.2543175,32.8177747],[-117.2543243,32.8177622],[-117.2541167,32.8177109],[-117.2536864,32.8175],[-117.2536696,32.8178134]]]}},{"type":"Feature","properties":{"apn":"3582331100","address":"5635 Rutgers Road","street":"Rutgers Road","lot":"Lot 17","unit":1,"map":"3966"},"geometry":{"type":"Polygon","coordinates":[[[-117.2536864,32.8175],[-117.2541167,32.8177109],[-117.2543243,32.8177622],[-117.2543312,32.8177498],[-117.2543383,32.8177374],[-117.2543455,32.8177251],[-117.254353,32.8177129],[-117.2543606,32.8177008],[-117.2543685,32.8176887],[-117.2543765,32.8176767],[-117.2543846,32.8176649],[-117.254393,32.8176531],[-117.2544015,32.8176414],[-117.2544102,32.8176298],[-117.2544191,32.8176182],[-117.2544281,32.8176068],[-117.2544373,32.8175955],[-117.2544467,32.8175842],[-117.2537985,32.8171996],[-117.2537011,32.8172278],[-117.2536866,32.8174972],[-117.2536864,32.8175]]]}},{"type":"Feature","properties":{"apn":"3582340100","address":"5576 Rutgers Road","street":"Rutgers Road","lot":"Lot 43","unit":1,"map":"3966"},"geometry":{"type":"Polygon","coordinates":[[[-117.2561463,32.8167351],[-117.256142,32.8167517],[-117.256109,32.8168784],[-117.2561085,32.8168906],[-117.2561109,32.8169041],[-117.2561163,32.8169171],[-117.2561245,32.8169289],[-117.2561353,32.8169392],[-117.2561481,32.8169476],[-117.2561626,32.8169538],[-117.2561783,32.8169575],[-117.2564842,32.8170209],[-117.2565477,32.8168171],[-117.2562241,32.816751],[-117.2561463,32.8167351]]]}},{"type":"Feature","properties":{"apn":"3582410100","address":"5566 Rutgers Road","street":"Rutgers Road","lot":"Lot 42","unit":1,"map":"3966"},"geometry":{"type":"Polygon","coordinates":[[[-117.2561463,32.8167351],[-117.2562241,32.816751],[-117.2565477,32.8168171],[-117.2565676,32.8167482],[-117.2566041,32.8166215],[-117.2561993,32.8165313],[-117.2561463,32.8167351]]]}},{"type":"Feature","properties":{"apn":"3582410200","address":"5556 Rutgers Road","street":"Rutgers Road","lot":"Lot 41","unit":1,"map":"3966"},"geometry":{"type":"Polygon","coordinates":[[[-117.2561993,32.8165313],[-117.2566041,32.8166215],[-117.2567522,32.8164801],[-117.2562914,32.8162957],[-117.2562883,32.8163007],[-117.256281,32.816313],[-117.2562741,32.8163255],[-117.2562673,32.816338],[-117.2562609,32.8163506],[-117.2562548,32.8163633],[-117.2562489,32.8163761],[-117.2562433,32.816389],[-117.256238,32.816402],[-117.256233,32.8164151],[-117.2562282,32.8164283],[-117.2562238,32.8164415],[-117.2562196,32.8164548],[-117.256215,32.8164707],[-117.2561993,32.8165313]]]}},{"type":"Feature","properties":{"apn":"3582410300","address":"5546 Rutgers Road","street":"Rutgers Road","lot":"Lot 40","unit":1,"map":"3966"},"geometry":{"type":"Polygon","coordinates":[[[-117.2562914,32.8162957],[-117.2567522,32.8164801],[-117.2567964,32.8164351],[-117.2569035,32.8163332],[-117.2564164,32.8160983],[-117.25632,32.8162527],[-117.2563116,32.8162645],[-117.2563036,32.8162765],[-117.2562958,32.8162886],[-117.2562914,32.8162957]]]}},{"type":"Feature","properties":{"apn":"3582420100","address":"1608 Bahia Vista Way","street":"Bahia Vista Way","lot":"Lot 24","unit":1,"map":"3966"},"geometry":{"type":"Polygon","coordinates":[[[-117.2555159,32.8165234],[-117.255561,32.8167564],[-117.2555643,32.8167731],[-117.2556701,32.8167555],[-117.2559476,32.8167093],[-117.2559819,32.8165743],[-117.2559849,32.8165602],[-117.2559844,32.8165465],[-117.2559807,32.8165331],[-117.2559738,32.8165207],[-117.255964,32.8165097],[-117.2559518,32.8165007],[-117.2559377,32.8164939],[-117.2559215,32.8164896],[-117.2559053,32.8164887],[-117.255889,32.8164881],[-117.2558727,32.8164877],[-117.2558565,32.8164875],[-117.2558402,32.8164875],[-117.2558239,32.8164878],[-117.2558077,32.8164882],[-117.2557914,32.8164889],[-117.2557752,32.8164898],[-117.255759,32.816491],[-117.2557428,32.8164923],[-117.2557266,32.8164939],[-117.2557105,32.8164956],[-117.2556943,32.8164976],[-117.2556783,32.8164998],[-117.2555159,32.8165234]]]}},{"type":"Feature","properties":{"apn":"3582420200","address":"1628 Bahia Vista Way","street":"Bahia Vista Way","lot":"Lot 25","unit":1,"map":"3966"},"geometry":{"type":"Polygon","coordinates":[[[-117.255142,32.8165778],[-117.2551784,32.8167595],[-117.2551935,32.8168349],[-117.2555154,32.8167813],[-117.2555643,32.8167731],[-117.255561,32.8167564],[-117.2555159,32.8165234],[-117.255142,32.8165778]]]}},{"type":"Feature","properties":{"apn":"3582420300","address":"1644 Bahia Vista Way","street":"Bahia Vista Way","lot":"Lot 26","unit":1,"map":"3966"},"geometry":{"type":"Polygon","coordinates":[[[-117.2548202,32.8166237],[-117.2548474,32.8167622],[-117.2548722,32.8168884],[-117.2551935,32.8168349],[-117.2551784,32.8167595],[-117.255142,32.8165778],[-117.2549374,32.8166076],[-117.2548202,32.8166237]]]}},{"type":"Feature","properties":{"apn":"3582420400","address":"1656 Bahia Vista Way","street":"Bahia Vista Way","lot":"Lot 27","unit":1,"map":"3966"},"geometry":{"type":"Polygon","coordinates":[[[-117.2545312,32.8166636],[-117.2545517,32.8167646],[-117.2545932,32.8169704],[-117.2548722,32.8168884],[-117.2548474,32.8167622],[-117.2548202,32.8166237],[-117.2545312,32.8166636]]]}},{"type":"Feature","properties":{"apn":"3582420500","address":"1670 Bahia Vista Way","street":"Bahia Vista Way","lot":"Lot 28","unit":1,"map":"3966"},"geometry":{"type":"Polygon","coordinates":[[[-117.2542366,32.8168084],[-117.2543305,32.8170468],[-117.2545247,32.8169891],[-117.2545932,32.8169704],[-117.2545517,32.8167646],[-117.2545312,32.8166636],[-117.2543654,32.8166864],[-117.254353,32.8166882],[-117.2543391,32.8166952],[-117.2543298,32.8167063],[-117.2543267,32.8167197],[-117.2543229,32.816732],[-117.2543171,32.8167449],[-117.2543095,32.816757],[-117.2543003,32.8167667],[-117.2542897,32.8167787],[-117.2542776,32.816788],[-117.2542644,32.816796],[-117.2542502,32.8168026],[-117.2542366,32.8168084]]]}},{"type":"Feature","properties":{"apn":"3582420600","address":"1686 Bahia Vista Way","street":"Bahia Vista Way","lot":"Lot 29","unit":1,"map":"3966"},"geometry":{"type":"Polygon","coordinates":[[[-117.2540865,32.8167739],[-117.2537011,32.8172278],[-117.2537985,32.8171996],[-117.2541908,32.8170859],[-117.2543305,32.8170468],[-117.2542366,32.8168084],[-117.2542195,32.8168116],[-117.2542034,32.8168137],[-117.2541872,32.8168143],[-117.2541709,32.8168132],[-117.254155,32.8168106],[-117.2541395,32.8168064],[-117.2541246,32.8168008],[-117.2541107,32.8167937],[-117.2540978,32.8167853],[-117.2540865,32.8167739]]]}},{"type":"Feature","properties":{"apn":"3582420700","address":"1696 Bahia Vista Way","street":"Bahia Vista Way","lot":"Lot 30","unit":1,"map":"3966"},"geometry":{"type":"Polygon","coordinates":[[[-117.2537178,32.8169858],[-117.2537011,32.8172278],[-117.2540865,32.8167739],[-117.25408,32.8167685],[-117.2540759,32.8167651],[-117.2540672,32.8167535],[-117.2540602,32.8167411],[-117.2540548,32.8167281],[-117.2540514,32.8167147],[-117.2540497,32.8167011],[-117.25405,32.8166873],[-117.254051,32.8166809],[-117.2536484,32.8166071],[-117.2536196,32.8166019],[-117.2535904,32.8166597],[-117.2536343,32.8167721],[-117.2537178,32.8169858]]]}},{"type":"Feature","properties":{"apn":"3582420800","address":"1687 Bahia Vista Way","street":"Bahia Vista Way","lot":"Lot 31","unit":1,"map":"3966"},"geometry":{"type":"Polygon","coordinates":[[[-117.2536196,32.8166019],[-117.2536484,32.8166071],[-117.254051,32.8166809],[-117.2540521,32.8166737],[-117.2540561,32.8166604],[-117.2540619,32.8166476],[-117.2540695,32.8166354],[-117.2540786,32.816624],[-117.2540893,32.8166137],[-117.2541013,32.8166044],[-117.2541145,32.8165963],[-117.2541287,32.8165897],[-117.2541397,32.8165866],[-117.2538456,32.8162042],[-117.2538282,32.8161875],[-117.2536196,32.8166019]]]}},{"type":"Feature","properties":{"apn":"3582420900","address":"1675 Bahia Vista Way","street":"Bahia Vista Way","lot":"Lot 32","unit":1,"map":"3966"},"geometry":{"type":"Polygon","coordinates":[[[-117.2538282,32.8161875],[-117.2538456,32.8162042],[-117.2541397,32.8165866],[-117.2541437,32.8165844],[-117.2541593,32.8165807],[-117.2541754,32.8165785],[-117.2541917,32.8165779],[-117.2543476,32.8165546],[-117.254292,32.8162445],[-117.2538282,32.8161875]]]}},{"type":"Feature","properties":{"apn":"3582421200","address":"1639 Bahia Vista Way","street":"Bahia Vista Way","lot":"Lot 35","unit":1,"map":"3966"},"geometry":{"type":"Polygon","coordinates":[[[-117.2548672,32.8161629],[-117.2549228,32.8164703],[-117.2552023,32.8164295],[-117.25515,32.816125],[-117.2548672,32.8161629]]]}},{"type":"Feature","properties":{"apn":"3582421300","address":"1627 Bahia Vista Way","street":"Bahia Vista Way","lot":"Lot 36","unit":1,"map":"3966"},"geometry":{"type":"Polygon","coordinates":[[[-117.25515,32.816125],[-117.2552023,32.8164295],[-117.2554886,32.8163877],[-117.255436,32.8160868],[-117.25515,32.816125]]]}},{"type":"Feature","properties":{"apn":"3582421400","address":"1615 Bahia Vista Way","street":"Bahia Vista Way","lot":"Lot 37","unit":1,"map":"3966"},"geometry":{"type":"Polygon","coordinates":[[[-117.255436,32.8160868],[-117.2554886,32.8163877],[-117.2556604,32.8163626],[-117.2556683,32.8163614],[-117.2556844,32.8163593],[-117.2557005,32.8163573],[-117.2557166,32.8163556],[-117.2557328,32.8163541],[-117.255749,32.8163529],[-117.2557653,32.8163518],[-117.2557927,32.8159739],[-117.255436,32.8160868]]]}},{"type":"Feature","properties":{"apn":"3582421500","address":"1601 Bahia Vista Way","street":"Bahia Vista Way","lot":"Lot 38","unit":1,"map":"3966"},"geometry":{"type":"Polygon","coordinates":[[[-117.2557653,32.8163518],[-117.2557815,32.816351],[-117.2557978,32.8163503],[-117.255814,32.8163499],[-117.2558303,32.8163497],[-117.2558466,32.8163498],[-117.2558628,32.81635],[-117.2558791,32.8163505],[-117.2558954,32.8163512],[-117.2559116,32.8163521],[-117.2559278,32.8163532],[-117.255944,32.8163545],[-117.2559602,32.8163561],[-117.2559763,32.8163579],[-117.2559924,32.8163598],[-117.2560016,32.8163616],[-117.2560178,32.8163618],[-117.2560336,32.8163585],[-117.2560479,32.816352],[-117.2560597,32.8163426],[-117.2560684,32.816331],[-117.2560733,32.816318],[-117.2560789,32.8163046],[-117.2560845,32.8162916],[-117.2560901,32.8162788],[-117.2560959,32.8162659],[-117.2561019,32.8162531],[-117.2561079,32.8162404],[-117.2561141,32.8162276],[-117.2561204,32.816215],[-117.2561268,32.8162023],[-117.2561334,32.8161898],[-117.2561401,32.8161772],[-117.2561574,32.8161498],[-117.2557927,32.8159739],[-117.2557653,32.8163518]]]}},{"type":"Feature","properties":{"apn":"3582421600","address":"5545 Rutgers Road","street":"Rutgers Road","lot":"Lot 39","unit":1,"map":"3966"},"geometry":{"type":"Polygon","coordinates":[[[-117.2557927,32.8159739],[-117.2561574,32.8161498],[-117.2562936,32.8159396],[-117.2559587,32.8157931],[-117.2557927,32.8159739]]]}},{"type":"Feature","properties":{"apn":"3582421800","address":"1663 Bahia Vista Way","street":"Bahia Vista Way","lot":"Lot 33","unit":1,"map":"3966"},"geometry":{"type":"Polygon","coordinates":[[[-117.254292,32.8162445],[-117.2543476,32.8165546],[-117.2546336,32.8165114],[-117.2545758,32.8162042],[-117.2546163,32.8161402],[-117.2542491,32.8161926],[-117.254292,32.8162445]]]}},{"type":"Feature","properties":{"apn":"3582421900","address":"1651 Bahia Vista Way","street":"Bahia Vista Way","lot":"Lot 34","unit":1,"map":"3966"},"geometry":{"type":"Polygon","coordinates":[[[-117.2546163,32.8161402],[-117.2545758,32.8162042],[-117.2546336,32.8165114],[-117.25477,32.8164907],[-117.2549228,32.8164703],[-117.2548672,32.8161629],[-117.2548535,32.8161053],[-117.2546163,32.8161402]]]}},{"type":"Feature","properties":{"apn":"3584700100","address":"5537 Rutgers Road","street":"Rutgers Road","lot":"Lot 125","unit":3,"map":"5471"},"geometry":{"type":"Polygon","coordinates":[[[-117.2559587,32.8157931],[-117.2562936,32.8159396],[-117.2563479,32.8158485],[-117.2564478,32.8156759],[-117.2564547,32.8156635],[-117.2564585,32.8156501],[-117.256459,32.8156364],[-117.2564562,32.8156229],[-117.2564503,32.8156101],[-117.2564414,32.8155987],[-117.25643,32.8155889],[-117.2564164,32.8155813],[-117.2562425,32.8154841],[-117.2559921,32.8157607],[-117.2559587,32.8157931]]]}},{"type":"Feature","properties":{"apn":"3584700200","address":"5520 Via Callado","street":"Via Callado","lot":"Lot 126","unit":3,"map":"5471"},"geometry":{"type":"Polygon","coordinates":[[[-117.2557586,32.8155482],[-117.2559921,32.8157607],[-117.2562425,32.8154841],[-117.2560528,32.8153781],[-117.2560387,32.8153714],[-117.2560234,32.8153667],[-117.2560074,32.8153643],[-117.2559911,32.8153643],[-117.2559751,32.8153665],[-117.2559597,32.815371],[-117.2559455,32.8153777],[-117.2559328,32.8153863],[-117.2559228,32.8153957],[-117.2559132,32.8154068],[-117.2559034,32.8154177],[-117.2558933,32.8154285],[-117.2558831,32.8154392],[-117.2558726,32.8154497],[-117.255862,32.8154601],[-117.2558511,32.8154704],[-117.2558401,32.8154805],[-117.2558289,32.8154904],[-117.2558175,32.8155002],[-117.2558059,32.8155099],[-117.2557941,32.8155193],[-117.2557821,32.8155287],[-117.25577,32.8155378],[-117.2557586,32.8155482]]]}},{"type":"Feature","properties":{"apn":"3584700300","address":"5528 Via Callado","street":"Via Callado","lot":"Lot 127","unit":3,"map":"5471"},"geometry":{"type":"Polygon","coordinates":[[[-117.2555576,32.815659],[-117.2557927,32.8159739],[-117.2559587,32.8157931],[-117.2559921,32.8157607],[-117.2557586,32.8155482],[-117.2557452,32.8155556],[-117.2557326,32.8155643],[-117.2557197,32.8155728],[-117.2557068,32.8155811],[-117.2556937,32.8155892],[-117.2556804,32.8155971],[-117.255667,32.8156049],[-117.2556534,32.8156125],[-117.2556397,32.8156199],[-117.2556258,32.8156271],[-117.2556118,32.8156341],[-117.2555977,32.8156409],[-117.2555835,32.8156476],[-117.2555691,32.815654],[-117.2555576,32.815659]]]}},{"type":"Feature","properties":{"apn":"3584700400","address":"5536 Via Callado","street":"Via Callado","lot":"Lot 128","unit":3,"map":"5471"},"geometry":{"type":"Polygon","coordinates":[[[-117.2553278,32.8157386],[-117.255436,32.8160868],[-117.2557927,32.8159739],[-117.2555576,32.815659],[-117.2555546,32.8156603],[-117.25554,32.8156663],[-117.2555253,32.8156722],[-117.2555104,32.8156778],[-117.2555062,32.8156794],[-117.255492,32.8156862],[-117.2554777,32.8156927],[-117.2554631,32.8156988],[-117.2554484,32.8157046],[-117.2554334,32.8157101],[-117.2554183,32.8157152],[-117.255403,32.8157199],[-117.2553876,32.8157243],[-117.2553721,32.8157284],[-117.2553564,32.8157321],[-117.2553406,32.8157354],[-117.2553278,32.8157386]]]}},{"type":"Feature","properties":{"apn":"3584700500","address":"5544 Via Callado","street":"Via Callado","lot":"Lot 129","unit":3,"map":"5471"},"geometry":{"type":"Polygon","coordinates":[[[-117.2551229,32.8157437],[-117.25515,32.816125],[-117.255436,32.8160868],[-117.2553278,32.8157386],[-117.2553087,32.8157409],[-117.2552927,32.8157431],[-117.2552765,32.8157449],[-117.2552603,32.8157464],[-117.2552441,32.8157475],[-117.2552279,32.8157482],[-117.2552116,32.8157485],[-117.2551953,32.8157485],[-117.2551791,32.8157481],[-117.2551628,32.8157473],[-117.2551466,32.8157461],[-117.2551304,32.8157446],[-117.2551229,32.8157437]]]}},{"type":"Feature","properties":{"apn":"3584700700","address":"5560 Via Callado","street":"Via Callado","lot":"Parcel 1 of Parcel Map 07130","unit":3,"map":"PM07130"},"geometry":{"type":"Polygon","coordinates":[[[-117.2538282,32.8161875],[-117.254292,32.8162445],[-117.2542491,32.8161926],[-117.2546163,32.8161402],[-117.2549302,32.8156924],[-117.2549166,32.8156816],[-117.2549054,32.8156716],[-117.2548955,32.8156607],[-117.2548872,32.8156489],[-117.2548806,32.8156363],[-117.2548758,32.8156232],[-117.2548728,32.8156097],[-117.2548716,32.815596],[-117.2548719,32.8155913],[-117.2541,32.8156799],[-117.2540837,32.81568],[-117.2538282,32.8161875]]]}},{"type":"Feature","properties":{"apn":"3584700800","address":"5561 Via Callado","street":"Via Callado","lot":"Lot 132","unit":3,"map":"5471"},"geometry":{"type":"Polygon","coordinates":[[[-117.2540837,32.81568],[-117.2541,32.8156799],[-117.2548719,32.8155913],[-117.2548723,32.8155823],[-117.2548749,32.8155687],[-117.2548793,32.8155555],[-117.2548855,32.8155428],[-117.2548934,32.8155308],[-117.2549029,32.8155196],[-117.2549138,32.8155095],[-117.254926,32.8155004],[-117.2549377,32.8154944],[-117.2547264,32.8152178],[-117.2543439,32.8151633],[-117.2540837,32.81568]]]}},{"type":"Feature","properties":{"apn":"3584700900","address":"5549 Via Callado","street":"Via Callado","lot":"Lot 133","unit":3,"map":"5471"},"geometry":{"type":"Polygon","coordinates":[[[-117.2549377,32.8154944],[-117.2549538,32.8154862],[-117.254969,32.8154812],[-117.2549847,32.8154778],[-117.2550008,32.8154758],[-117.2550171,32.8154755],[-117.2550333,32.8154767],[-117.2550492,32.8154795],[-117.2550646,32.8154839],[-117.2550794,32.8154897],[-117.2550932,32.8154969],[-117.255106,32.8155054],[-117.2551175,32.8155151],[-117.2551276,32.8155258],[-117.2551362,32.8155375],[-117.2551432,32.8155499],[-117.2551475,32.8155637],[-117.2551546,32.8155761],[-117.2551643,32.8155871],[-117.2551764,32.8155963],[-117.2551903,32.8156033],[-117.2552056,32.815608],[-117.2551048,32.8152716],[-117.2550292,32.8152609],[-117.2547264,32.8152178],[-117.2549377,32.8154944]]]}},{"type":"Feature","properties":{"apn":"3584701000","address":"5537 Via Callado","street":"Via Callado","lot":"Lot 134","unit":3,"map":"5471"},"geometry":{"type":"Polygon","coordinates":[[[-117.2552056,32.815608],[-117.2552216,32.8156101],[-117.2552255,32.8156102],[-117.2552417,32.81561],[-117.255258,32.8156091],[-117.2552741,32.8156077],[-117.2552902,32.8156057],[-117.2553062,32.8156031],[-117.255322,32.8155999],[-117.2553377,32.8155961],[-117.2553531,32.8155918],[-117.2553683,32.8155869],[-117.2553833,32.8155814],[-117.2553979,32.8155754],[-117.2554122,32.8155689],[-117.2554262,32.8155619],[-117.2554364,32.8155563],[-117.2554513,32.8155507],[-117.255466,32.8155448],[-117.2554806,32.8155387],[-117.255495,32.8155324],[-117.2555094,32.8155259],[-117.2555207,32.8155226],[-117.2553522,32.8153069],[-117.2551048,32.8152716],[-117.2552056,32.815608]]]}},{"type":"Feature","properties":{"apn":"3584701100","address":"1434 Calle Altura","street":"Calle Altura","lot":"Lot 135","unit":3,"map":"5471"},"geometry":{"type":"Polygon","coordinates":[[[-117.2553522,32.8153069],[-117.2555207,32.8155226],[-117.2555235,32.8155192],[-117.2555376,32.8155122],[-117.2555514,32.815505],[-117.2555652,32.8154976],[-117.2555787,32.81549],[-117.2555921,32.8154822],[-117.2556053,32.8154742],[-117.2556184,32.815466],[-117.2556312,32.8154576],[-117.2556439,32.815449],[-117.2556564,32.8154402],[-117.2556687,32.8154312],[-117.2556808,32.815422],[-117.2556927,32.8154126],[-117.2557044,32.8154031],[-117.2557159,32.8153933],[-117.2557272,32.8153834],[-117.2557383,32.8153734],[-117.2557491,32.8153631],[-117.2557597,32.8153527],[-117.2557701,32.8153421],[-117.2557803,32.8153314],[-117.2557902,32.8153205],[-117.2557982,32.8153115],[-117.2558071,32.8152972],[-117.2558114,32.8152839],[-117.2558126,32.8152703],[-117.2558106,32.8152566],[-117.2558056,32.8152436],[-117.2557976,32.8152316],[-117.255787,32.8152212],[-117.2557743,32.8152127],[-117.2555341,32.8150785],[-117.2553522,32.8153069]]]}},{"type":"Feature","properties":{"apn":"3584701200","address":"1442 Calle Altura","street":"Calle Altura","lot":"Lot 136","unit":3,"map":"5471"},"geometry":{"type":"Polygon","coordinates":[[[-117.2551048,32.8152716],[-117.2553522,32.8153069],[-117.2555341,32.8150785],[-117.2554303,32.8150204],[-117.2552894,32.8149418],[-117.2552835,32.8149384],[-117.2550292,32.8152609],[-117.2551048,32.8152716]]]}},{"type":"Feature","properties":{"apn":"3584701300","address":"1450 Calle Altura","street":"Calle Altura","lot":"Lot 137","unit":3,"map":"5471"},"geometry":{"type":"Polygon","coordinates":[[[-117.2547264,32.8152178],[-117.2550292,32.8152609],[-117.2552835,32.8149384],[-117.2552776,32.814935],[-117.255262,32.8149312],[-117.2552458,32.8149318],[-117.2552302,32.8149372],[-117.2552166,32.8149447],[-117.2552022,32.814951],[-117.255187,32.8149559],[-117.2551713,32.8149594],[-117.2551552,32.8149615],[-117.2551389,32.8149622],[-117.2551227,32.8149613],[-117.2551067,32.814959],[-117.255091,32.8149553],[-117.2550759,32.8149502],[-117.2550616,32.8149438],[-117.2550481,32.814936],[-117.2550357,32.8149272],[-117.2550278,32.8149202],[-117.2543439,32.8151633],[-117.2547264,32.8152178]]]}},{"type":"Feature","properties":{"apn":"3584701400","address":"1458 Calle Altura","street":"Calle Altura","lot":"Lot 138","unit":3,"map":"5471"},"geometry":{"type":"Polygon","coordinates":[[[-117.2546095,32.8146358],[-117.2543439,32.8151633],[-117.2550278,32.8149202],[-117.2550245,32.8149172],[-117.2550146,32.8149063],[-117.2550061,32.8148946],[-117.2549992,32.8148821],[-117.2549939,32.8148692],[-117.2549903,32.8148558],[-117.2549883,32.8148421],[-117.2549881,32.8148284],[-117.2549897,32.8148147],[-117.2549917,32.8148096],[-117.2546095,32.8146358]]]}},{"type":"Feature","properties":{"apn":"3584701500","address":"1461 Calle Altura","street":"Calle Altura","lot":"Lot 139","unit":3,"map":"5471"},"geometry":{"type":"Polygon","coordinates":[[[-117.2546095,32.8146358],[-117.2549917,32.8148096],[-117.254993,32.8148013],[-117.2549979,32.8147882],[-117.2550045,32.8147756],[-117.2550126,32.8147637],[-117.2550222,32.8147526],[-117.2550332,32.8147425],[-117.2550453,32.8147334],[-117.2550586,32.8147254],[-117.2550728,32.8147187],[-117.2550877,32.8147133],[-117.2550915,32.8147126],[-117.2549542,32.8143729],[-117.2549446,32.8143441],[-117.2547772,32.8143027],[-117.2546095,32.8146358]]]}},{"type":"Feature","properties":{"apn":"3584701600","address":"1455 Calle Altura","street":"Calle Altura","lot":"Lot 140","unit":3,"map":"5471"},"geometry":{"type":"Polygon","coordinates":[[[-117.2550915,32.8147126],[-117.2551033,32.8147092],[-117.2551192,32.8147066],[-117.2551355,32.8147055],[-117.2551517,32.8147058],[-117.2551678,32.8147076],[-117.2551837,32.8147108],[-117.255199,32.8147154],[-117.2552136,32.8147214],[-117.2552274,32.8147287],[-117.2552402,32.8147372],[-117.2552518,32.8147468],[-117.2552622,32.8147574],[-117.2553817,32.8144683],[-117.2553888,32.8144552],[-117.2549931,32.8143561],[-117.2549446,32.8143441],[-117.2549542,32.8143729],[-117.2550915,32.8147126]]]}},{"type":"Feature","properties":{"apn":"3584701700","address":"1447 Calle Altura","street":"Calle Altura","lot":"Lot 141","unit":3,"map":"5471"},"geometry":{"type":"Polygon","coordinates":[[[-117.2552622,32.8147574],[-117.2552712,32.8147688],[-117.2554874,32.814888],[-117.2555031,32.8148969],[-117.2556499,32.8145871],[-117.2556508,32.8145852],[-117.2555187,32.8144947],[-117.2554925,32.8144812],[-117.2553888,32.8144552],[-117.2553817,32.8144683],[-117.2552622,32.8147574]]]}},{"type":"Feature","properties":{"apn":"3584702000","address":"1421 Calle Altura","street":"Calle Altura","lot":"Lot 144","unit":3,"map":"5471"},"geometry":{"type":"Polygon","coordinates":[[[-117.2559983,32.815186],[-117.256263,32.8153252],[-117.2563458,32.8150981],[-117.2561485,32.8148541],[-117.2560145,32.8151502],[-117.2559983,32.815186]]]}},{"type":"Feature","properties":{"apn":"3584702100","address":"5552 Via Callado","street":"Via Callado","lot":"Lot 130","unit":3,"map":"5471"},"geometry":{"type":"Polygon","coordinates":[[[-117.2546163,32.8161402],[-117.2548535,32.8161053],[-117.2548672,32.8161629],[-117.25515,32.816125],[-117.2551229,32.8157437],[-117.2551143,32.8157426],[-117.2550983,32.8157403],[-117.2550823,32.8157377],[-117.2550664,32.8157347],[-117.2550507,32.8157313],[-117.255035,32.8157275],[-117.2550195,32.8157234],[-117.2550041,32.8157189],[-117.2549889,32.8157141],[-117.2549738,32.8157089],[-117.2549574,32.8157039],[-117.2549428,32.8156978],[-117.2549302,32.8156924],[-117.2546163,32.8161402]]]}},{"type":"Feature","properties":{"apn":"3584702200","address":"1439 Calle Altura","street":"Calle Altura","lot":"Lot 148","unit":3,"map":"5471"},"geometry":{"type":"Polygon","coordinates":[[[-117.2555031,32.8148969],[-117.2557551,32.815048],[-117.2559022,32.8147219],[-117.2559104,32.8147037],[-117.2559534,32.8146084],[-117.2559972,32.8145114],[-117.2559166,32.8145286],[-117.2556508,32.8145852],[-117.2556499,32.8145871],[-117.2555031,32.8148969]]]}},{"type":"Feature","properties":{"apn":"3584702300","address":"1429 Calle Altura","street":"Calle Altura","lot":"Parcel 1 of Parcel Map 21406","unit":3,"map":"PM21406"},"geometry":{"type":"Polygon","coordinates":[[[-117.2557551,32.815048],[-117.2559983,32.815186],[-117.2560145,32.8151502],[-117.2561485,32.8148541],[-117.2560918,32.8146816],[-117.2561015,32.8146804],[-117.256079,32.8145951],[-117.2559534,32.8146084],[-117.2559104,32.8147037],[-117.2559022,32.8147219],[-117.2557551,32.815048]]]}},{"type":"Feature","properties":{"apn":"3584800100","address":"1413 Calle Altura","street":"Calle Altura","lot":"Lot 145","unit":3,"map":"5471"},"geometry":{"type":"Polygon","coordinates":[[[-117.256263,32.8153252],[-117.2564669,32.815438],[-117.256482,32.815443],[-117.2564979,32.8154457],[-117.2565142,32.8154461],[-117.2565303,32.8154441],[-117.2565457,32.8154398],[-117.2565601,32.8154334],[-117.2565729,32.815425],[-117.2565838,32.8154148],[-117.2565925,32.8154032],[-117.2565966,32.8153957],[-117.2565997,32.8153822],[-117.2566025,32.8153687],[-117.2566053,32.8153551],[-117.2566078,32.8153415],[-117.2566102,32.815328],[-117.2566125,32.8153143],[-117.2566145,32.8153007],[-117.2566164,32.8152871],[-117.2566182,32.8152734],[-117.2566197,32.8152597],[-117.2566211,32.815246],[-117.2566223,32.8152323],[-117.2566234,32.8152186],[-117.2566243,32.8152049],[-117.256625,32.8151912],[-117.2566255,32.8151774],[-117.2566259,32.8151637],[-117.2566261,32.8151501],[-117.2563458,32.8150981],[-117.256263,32.8153252]]]}},{"type":"Feature","properties":{"apn":"3584800200","address":"5509 Rutgers Road","street":"Rutgers Road","lot":"Lot 146","unit":3,"map":"5471"},"geometry":{"type":"Polygon","coordinates":[[[-117.2563458,32.8150981],[-117.2566261,32.8151501],[-117.2566251,32.8151362],[-117.256624,32.8151225],[-117.2566227,32.8151088],[-117.2566212,32.8150951],[-117.2566196,32.8150815],[-117.2566178,32.8150678],[-117.2566158,32.8150542],[-117.2566136,32.8150405],[-117.2566113,32.8150269],[-117.2566088,32.8150134],[-117.2566062,32.8149998],[-117.2566034,32.8149863],[-117.2566004,32.8149728],[-117.2565972,32.8149593],[-117.2565939,32.8149458],[-117.2565905,32.8149324],[-117.2565868,32.814919],[-117.256583,32.8149056],[-117.256579,32.8148923],[-117.2565781,32.8148892],[-117.2565761,32.8148841],[-117.2561485,32.8148541],[-117.2563458,32.8150981]]]}},{"type":"Feature","properties":{"apn":"3584800500","address":"5502 Rutgers Road","street":"Rutgers Road","lot":"Lot 149","unit":3,"map":"5471"},"geometry":{"type":"Polygon","coordinates":[[[-117.2566584,32.8144557],[-117.2567328,32.8146893],[-117.2570857,32.8146166],[-117.2571091,32.8146108],[-117.2571068,32.814603],[-117.2570583,32.8144359],[-117.2570406,32.8143751],[-117.2566584,32.8144557]]]}},{"type":"Feature","properties":{"apn":"3584800600","address":"5504 Rutgers Road","street":"Rutgers Road","lot":"Lot 150","unit":3,"map":"5471"},"geometry":{"type":"Polygon","coordinates":[[[-117.2567328,32.8146893],[-117.2567857,32.8148554],[-117.2567875,32.8148635],[-117.2567904,32.814877],[-117.2567931,32.8148906],[-117.2567959,32.8149053],[-117.2571534,32.8148469],[-117.2571761,32.8148413],[-117.2571602,32.8147869],[-117.2571091,32.8146108],[-117.2570857,32.8146166],[-117.2567328,32.8146893]]]}},{"type":"Feature","properties":{"apn":"3584800700","address":"5510 Rutgers Road","street":"Rutgers Road","lot":"Lot 151","unit":3,"map":"5471"},"geometry":{"type":"Polygon","coordinates":[[[-117.2567959,32.8149053],[-117.2567982,32.8149177],[-117.2568005,32.8149313],[-117.2568027,32.8149449],[-117.2568047,32.8149586],[-117.2568066,32.8149722],[-117.2568083,32.8149859],[-117.25681,32.8149996],[-117.2568114,32.8150132],[-117.2568128,32.8150269],[-117.2568139,32.8150406],[-117.256815,32.8150543],[-117.2568159,32.8150681],[-117.2568167,32.8150818],[-117.2568173,32.8150955],[-117.2568178,32.8151109],[-117.2572345,32.8151046],[-117.2572524,32.8151042],[-117.2572095,32.8149565],[-117.2571761,32.8148413],[-117.2571534,32.8148469],[-117.2567959,32.8149053]]]}},{"type":"Feature","properties":{"apn":"3584800800","address":"5516 Rutgers Road","street":"Rutgers Road","lot":"Lot 152","unit":3,"map":"5471"},"geometry":{"type":"Polygon","coordinates":[[[-117.2568071,32.815322],[-117.2573191,32.815387],[-117.2573354,32.8153897],[-117.2572925,32.815242],[-117.2572524,32.8151042],[-117.2572345,32.8151046],[-117.2568178,32.8151109],[-117.2568181,32.815123],[-117.2568183,32.8151367],[-117.2568184,32.8151505],[-117.2568183,32.8151642],[-117.256818,32.815178],[-117.2568177,32.8151917],[-117.2568172,32.8152054],[-117.2568165,32.8152192],[-117.2568157,32.8152329],[-117.2568148,32.8152466],[-117.2568137,32.8152603],[-117.2568125,32.815274],[-117.2568111,32.8152877],[-117.2568096,32.8153014],[-117.256808,32.8153151],[-117.2568071,32.815322]]]}},{"type":"Feature","properties":{"apn":"3584800900","address":"5522 Rutgers Road","street":"Rutgers Road","lot":"Lot 153","unit":3,"map":"5471"},"geometry":{"type":"Polygon","coordinates":[[[-117.2567511,32.8155264],[-117.2574276,32.8157098],[-117.2573978,32.8156068],[-117.2573354,32.8153897],[-117.2573191,32.815387],[-117.2568071,32.815322],[-117.2568062,32.8153287],[-117.2568043,32.8153424],[-117.2568022,32.815356],[-117.2568,32.8153696],[-117.2567976,32.8153832],[-117.2567952,32.8153968],[-117.2567924,32.8154068],[-117.2567886,32.8154201],[-117.2567846,32.8154334],[-117.2567803,32.8154467],[-117.2567758,32.8154599],[-117.2567712,32.8154731],[-117.2567663,32.8154862],[-117.2567612,32.8154992],[-117.2567559,32.8155122],[-117.2567511,32.8155264]]]}},{"type":"Feature","properties":{"apn":"3584801000","address":"5528 Rutgers Road","street":"Rutgers Road","lot":"Lot 154","unit":3,"map":"5471"},"geometry":{"type":"Polygon","coordinates":[[[-117.256649,32.8157113],[-117.2572705,32.8159756],[-117.2574475,32.8158038],[-117.2574541,32.815801],[-117.2574472,32.8157771],[-117.2574276,32.8157098],[-117.2567511,32.8155264],[-117.2567446,32.815538],[-117.2567387,32.8155508],[-117.2567326,32.8155636],[-117.2567263,32.8155762],[-117.2567197,32.8155888],[-117.256713,32.8156013],[-117.2567061,32.8156138],[-117.256699,32.8156261],[-117.2566916,32.8156384],[-117.2566841,32.8156506],[-117.256649,32.8157113]]]}},{"type":"Feature","properties":{"apn":"3584801100","address":"5534 Rutgers Road","street":"Rutgers Road","lot":"Lot 155","unit":3,"map":"5471"},"geometry":{"type":"Polygon","coordinates":[[[-117.2565373,32.8159046],[-117.2570902,32.816153],[-117.2571808,32.8160624],[-117.2572705,32.8159756],[-117.256649,32.8157113],[-117.2565373,32.8159046]]]}},{"type":"Feature","properties":{"apn":"3584801200","address":"5540 Rutgers Road","street":"Rutgers Road","lot":"Lot 156","unit":3,"map":"5471"},"geometry":{"type":"Polygon","coordinates":[[[-117.2564164,32.8160983],[-117.2569035,32.8163332],[-117.2569841,32.8162531],[-117.2570902,32.816153],[-117.2565373,32.8159046],[-117.2564164,32.8160983]]]}},{"type":"Feature","properties":{"apn":"3584801400","address":"5503 Rutgers Road","street":"Rutgers Road","lot":"Parcel 2 of Parcel Map 21406","unit":3,"map":"PM21406"},"geometry":{"type":"Polygon","coordinates":[[[-117.2561485,32.8148541],[-117.2565761,32.8148841],[-117.2565008,32.8146315],[-117.2561015,32.8146804],[-117.2560918,32.8146816],[-117.2561485,32.8148541]]]}},{"type":"Feature","properties":{"apn":"3584801500","address":"5495 Rutgers Road","street":"Rutgers Road","lot":"Parcel 3 of Parcel Map 21406","unit":3,"map":"PM21406"},"geometry":{"type":"Polygon","coordinates":[[[-117.2559534,32.8146084],[-117.256079,32.8145951],[-117.2561015,32.8146804],[-117.2565008,32.8146315],[-117.256437,32.8144176],[-117.2559972,32.8145114],[-117.2559534,32.8146084]]]}},{"type":"Feature","properties":{"apn":"3585210100","address":"5489 Rutgers Road","street":"Rutgers Road","lot":"Lot 1","unit":4,"map":"12339"},"geometry":{"type":"Polygon","coordinates":[[[-117.2560068,32.8141966],[-117.2559166,32.8145286],[-117.2559972,32.8145114],[-117.256437,32.8144176],[-117.2564301,32.8143932],[-117.2564254,32.8143801],[-117.2564196,32.8143672],[-117.2564129,32.8143547],[-117.2564052,32.8143426],[-117.2563966,32.814331],[-117.2563871,32.8143198],[-117.2563768,32.8143091],[-117.2563657,32.8142991],[-117.2563539,32.8142897],[-117.2563414,32.8142809],[-117.2563282,32.8142728],[-117.2563144,32.8142655],[-117.2563001,32.8142589],[-117.2562854,32.8142532],[-117.2562702,32.8142482],[-117.2562547,32.8142441],[-117.2560068,32.8141966]]]}},{"type":"Feature","properties":{"apn":"3585210200","address":"5485 Rutgers Road","street":"Rutgers Road","lot":"Lot 2","unit":4,"map":"12339"},"geometry":{"type":"Polygon","coordinates":[[[-117.2555187,32.8144947],[-117.2556508,32.8145852],[-117.2559166,32.8145286],[-117.2560068,32.8141966],[-117.2559546,32.8141861],[-117.2559252,32.8141836],[-117.2558927,32.8141811],[-117.255882,32.8141802],[-117.2558659,32.8141781],[-117.25585,32.8141752],[-117.2558343,32.8141716],[-117.255819,32.8141671],[-117.2558039,32.8141618],[-117.2557893,32.8141558],[-117.2557751,32.814149],[-117.2555187,32.8144947]]]}},{"type":"Feature","properties":{"apn":"3585210300","address":"5479 Rutgers Road","street":"Rutgers Road","lot":"Lot 3","unit":4,"map":"12339"},"geometry":{"type":"Polygon","coordinates":[[[-117.2553888,32.8144552],[-117.2554925,32.8144812],[-117.2555187,32.8144947],[-117.2557751,32.814149],[-117.2557708,32.8141468],[-117.2557573,32.8141392],[-117.2557444,32.8141308],[-117.2557322,32.8141217],[-117.2557207,32.814112],[-117.25571,32.8141016],[-117.2557001,32.8140907],[-117.2556911,32.8140793],[-117.2556831,32.8140673],[-117.2549931,32.8143561],[-117.2553888,32.8144552]]]}},{"type":"Feature","properties":{"apn":"3585210400","address":"5475 Rutgers Road","street":"Rutgers Road","lot":"Lot 4","unit":4,"map":"12339"},"geometry":{"type":"Polygon","coordinates":[[[-117.2549446,32.8143441],[-117.2549931,32.8143561],[-117.2556831,32.8140673],[-117.2556812,32.8140641],[-117.2556747,32.8140515],[-117.2556692,32.8140386],[-117.2556647,32.8140254],[-117.2556613,32.8140119],[-117.2556589,32.8139983],[-117.2556576,32.8139846],[-117.2556574,32.8139709],[-117.2556583,32.8139572],[-117.2556603,32.8139435],[-117.2556634,32.8139301],[-117.2556675,32.8139168],[-117.2556726,32.8139037],[-117.2556788,32.813891],[-117.255686,32.8138787],[-117.2556941,32.8138668],[-117.2557031,32.8138553],[-117.2557131,32.8138445],[-117.2557199,32.8138377],[-117.2557303,32.8138271],[-117.2557403,32.8138163],[-117.25575,32.8138053],[-117.2557594,32.8137941],[-117.2557685,32.8137827],[-117.2557772,32.8137711],[-117.2557856,32.8137593],[-117.2557936,32.8137473],[-117.2558013,32.8137352],[-117.2558085,32.8137229],[-117.2558155,32.8137105],[-117.255822,32.8136979],[-117.2558475,32.8136482],[-117.2550903,32.8133549],[-117.2550259,32.8138088],[-117.2547772,32.8143027],[-117.2549446,32.8143441]]]}},{"type":"Feature","properties":{"apn":"3585210500","address":"5490 Rutgers Road","street":"Rutgers Road","lot":"Lot 5","unit":4,"map":"12339"},"geometry":{"type":"Polygon","coordinates":[[[-117.2565515,32.8142261],[-117.2565616,32.8142368],[-117.2565712,32.8142479],[-117.2565803,32.8142593],[-117.2565889,32.814271],[-117.256597,32.8142829],[-117.2566045,32.8142951],[-117.2566115,32.8143075],[-117.2566179,32.8143202],[-117.2566237,32.814333],[-117.2566289,32.814346],[-117.2566336,32.8143592],[-117.2566574,32.8144524],[-117.2566584,32.8144557],[-117.2570406,32.8143751],[-117.2570049,32.8142493],[-117.2570033,32.8142435],[-117.2569544,32.814082],[-117.2569195,32.8139664],[-117.2568764,32.8139968],[-117.2565515,32.8142261]]]}},{"type":"Feature","properties":{"apn":"3585210600","address":"5486 Rutgers Road","street":"Rutgers Road","lot":"Lot 6","unit":4,"map":"12339"},"geometry":{"type":"Polygon","coordinates":[[[-117.2563966,32.8141302],[-117.256409,32.8141348],[-117.2564237,32.8141407],[-117.2564381,32.8141471],[-117.2564521,32.814154],[-117.2564659,32.8141614],[-117.2564792,32.8141693],[-117.2564922,32.8141775],[-117.2565048,32.8141863],[-117.2565169,32.8141954],[-117.2565287,32.8142049],[-117.2565399,32.8142149],[-117.2565515,32.8142261],[-117.2568764,32.8139968],[-117.2566636,32.8138587],[-117.2565527,32.8138376],[-117.2563966,32.8141302]]]}},{"type":"Feature","properties":{"apn":"3585210700","address":"5480 Rutgers Road","street":"Rutgers Road","lot":"Lot 7","unit":4,"map":"12339"},"geometry":{"type":"Polygon","coordinates":[[[-117.2561356,32.8140746],[-117.2563346,32.8141143],[-117.2563506,32.8141166],[-117.2563664,32.8141201],[-117.2563817,32.8141247],[-117.2563966,32.8141302],[-117.2565527,32.8138376],[-117.2565106,32.8138314],[-117.2562332,32.8137907],[-117.2561356,32.8140746]]]}},{"type":"Feature","properties":{"apn":"3585210800","address":"5476 Rutgers Road","street":"Rutgers Road","lot":"Lot 8","unit":4,"map":"12339"},"geometry":{"type":"Polygon","coordinates":[[[-117.2559489,32.8136886],[-117.2559234,32.8137383],[-117.2559213,32.8137422],[-117.2559146,32.8137547],[-117.2559082,32.8137673],[-117.255902,32.81378],[-117.255896,32.8137928],[-117.2558902,32.8138057],[-117.2558846,32.8138186],[-117.2558793,32.8138315],[-117.2558741,32.8138446],[-117.2558692,32.8138577],[-117.2558646,32.8138709],[-117.2558601,32.8138841],[-117.2558559,32.8138973],[-117.2558519,32.8139107],[-117.2558481,32.813924],[-117.2558445,32.8139374],[-117.2558412,32.8139509],[-117.2558378,32.8139657],[-117.2558371,32.8139794],[-117.2558406,32.8139928],[-117.2558479,32.814005],[-117.2558587,32.8140152],[-117.2558723,32.8140228],[-117.2558877,32.8140272],[-117.2561356,32.8140746],[-117.2562332,32.8137907],[-117.256132,32.8137613],[-117.2559489,32.8136886]]]}},{"type":"Feature","properties":{"apn":"3585210900","address":"5391 Moonlight Lane","street":"Moonlight Lane","lot":"Lot 9","unit":4,"map":"12339"},"geometry":{"type":"Polygon","coordinates":[[[-117.2565527,32.8138376],[-117.2566636,32.8138587],[-117.2568764,32.8139968],[-117.2569195,32.8139664],[-117.2568964,32.8138902],[-117.2567834,32.8135169],[-117.2567377,32.8135035],[-117.2566855,32.8134902],[-117.2565648,32.8134665],[-117.2565106,32.8138314],[-117.2565527,32.8138376]]]}},{"type":"Feature","properties":{"apn":"3585211000","address":"5381 Moonlight Lane","street":"Moonlight Lane","lot":"Lot 10","unit":4,"map":"12339"},"geometry":{"type":"Polygon","coordinates":[[[-117.2562332,32.8137907],[-117.2565106,32.8138314],[-117.2565648,32.8134665],[-117.2563756,32.8134295],[-117.256369,32.8134268],[-117.2562332,32.8137907]]]}},{"type":"Feature","properties":{"apn":"3585211100","address":"5470 Rutgers Road","street":"Rutgers Road","lot":"Lot 11","unit":4,"map":"12339"},"geometry":{"type":"Polygon","coordinates":[[[-117.2559489,32.8136886],[-117.256132,32.8137613],[-117.2562332,32.8137907],[-117.256369,32.8134268],[-117.2563511,32.813424],[-117.2563349,32.8134222],[-117.2563187,32.8134211],[-117.2563025,32.8134207],[-117.2562862,32.813421],[-117.25627,32.813422],[-117.2562538,32.8134237],[-117.2562378,32.813426],[-117.2562219,32.8134291],[-117.2562062,32.8134328],[-117.2561908,32.8134372],[-117.2561757,32.8134422],[-117.2561609,32.8134479],[-117.2561464,32.8134542],[-117.2561323,32.8134611],[-117.2561187,32.8134686],[-117.2561055,32.8134767],[-117.2560929,32.8134853],[-117.2560807,32.8134945],[-117.2560692,32.8135041],[-117.2560582,32.8135143],[-117.2560478,32.8135249],[-117.2560381,32.8135359],[-117.2560291,32.8135473],[-117.2560208,32.8135591],[-117.2560132,32.8135713],[-117.2560063,32.8135837],[-117.2559489,32.8136886]]]}},{"type":"Feature","properties":{"apn":"3585211200","address":"5380 Moonlight Lane","street":"Moonlight Lane","lot":"Lot 12","unit":4,"map":"12339"},"geometry":{"type":"Polygon","coordinates":[[[-117.2563511,32.8132786],[-117.2566837,32.8133336],[-117.2566973,32.8133371],[-117.2567132,32.8133399],[-117.2567319,32.8133416],[-117.2565982,32.812895],[-117.2564447,32.8129287],[-117.2564311,32.8129314],[-117.2563511,32.8132786]]]}},{"type":"Feature","properties":{"apn":"3585211300","address":"5467 Rutgers Road","street":"Rutgers Road","lot":"Lot 13","unit":4,"map":"12339"},"geometry":{"type":"Polygon","coordinates":[[[-117.2559398,32.8130383],[-117.2560685,32.8133331],[-117.2560722,32.8133309],[-117.2560857,32.8133234],[-117.2560997,32.8133163],[-117.256114,32.8133097],[-117.2561286,32.8133037],[-117.2561435,32.8132982],[-117.2561587,32.8132932],[-117.2561741,32.8132888],[-117.2561897,32.813285],[-117.2562055,32.8132817],[-117.2562215,32.813279],[-117.2562376,32.8132769],[-117.2562538,32.8132754],[-117.25627,32.8132744],[-117.2562863,32.8132741],[-117.2563025,32.8132743],[-117.2563188,32.8132752],[-117.256335,32.8132766],[-117.2563511,32.8132786],[-117.2564311,32.8129314],[-117.2563673,32.8129452],[-117.2563544,32.8129481],[-117.25629,32.8129621],[-117.2562764,32.812965],[-117.2562128,32.8129789],[-117.2561741,32.8129873],[-117.2561733,32.8129875],[-117.2561355,32.8129957],[-117.2561205,32.812999],[-117.2560582,32.8130125],[-117.2559809,32.8130294],[-117.2559398,32.8130383]]]}},{"type":"Feature","properties":{"apn":"3585211400","address":"5471 Rutgers Road","street":"Rutgers Road","lot":"Lot 14","unit":4,"map":"12339"},"geometry":{"type":"Polygon","coordinates":[[[-117.2550903,32.8133549],[-117.2558475,32.8136482],[-117.2559559,32.8134494],[-117.2559636,32.8134368],[-117.2559716,32.8134249],[-117.2559803,32.8134132],[-117.2559895,32.8134019],[-117.2559992,32.8133909],[-117.2560095,32.8133802],[-117.2560204,32.81337],[-117.2560317,32.8133601],[-117.2560435,32.8133507],[-117.2560558,32.8133417],[-117.2560685,32.8133331],[-117.2559398,32.8130383],[-117.2559036,32.8130462],[-117.2558805,32.8130512],[-117.2558331,32.8130615],[-117.2558263,32.813063],[-117.2557522,32.8130791],[-117.2557491,32.8130798],[-117.2556718,32.8130966],[-117.2555907,32.8131142],[-117.255522,32.8131291],[-117.2555005,32.813134],[-117.2551102,32.8132145],[-117.2550903,32.8133549]]]}},{"type":"Feature","properties":{"apn":"3585900100","address":"1562 Vista Claridad","street":"Vista Claridad","lot":"Lot 94","unit":2,"map":"6995"},"geometry":{"type":"Polygon","coordinates":[[[-117.2563998,32.8175439],[-117.256479,32.8176395],[-117.2567947,32.8172927],[-117.2567848,32.8172856],[-117.2567722,32.8172769],[-117.2567595,32.8172684],[-117.2567466,32.8172599],[-117.2567336,32.8172517],[-117.2567219,32.8172444],[-117.2566631,32.8172257],[-117.256601,32.8172069],[-117.2564838,32.817185],[-117.2563998,32.8175439]]]}},{"type":"Feature","properties":{"apn":"3585900200","address":"1550 Vista Claridad","street":"Vista Claridad","lot":"Lot 95","unit":2,"map":"6995"},"geometry":{"type":"Polygon","coordinates":[[[-117.256479,32.8176395],[-117.2565382,32.8177078],[-117.2569899,32.8174916],[-117.2569873,32.8174881],[-117.2569787,32.8174765],[-117.2569699,32.8174649],[-117.2569611,32.8174534],[-117.2569521,32.8174419],[-117.2569431,32.8174304],[-117.2569341,32.817419],[-117.2569249,32.8174077],[-117.2569157,32.8173964],[-117.2569064,32.8173851],[-117.2569025,32.8173804],[-117.2568914,32.8173703],[-117.2568802,32.8173604],[-117.2568688,32.8173505],[-117.2568572,32.8173409],[-117.2568455,32.8173313],[-117.2568337,32.8173219],[-117.2568217,32.8173126],[-117.2568095,32.8173035],[-117.2567972,32.8172945],[-117.2567947,32.8172927],[-117.256479,32.8176395]]]}},{"type":"Feature","properties":{"apn":"3585900300","address":"1538 Vista Claridad","street":"Vista Claridad","lot":"Lot 96","unit":2,"map":"6995"},"geometry":{"type":"Polygon","coordinates":[[[-117.2565912,32.8177705],[-117.2566319,32.8179956],[-117.2568938,32.8179726],[-117.2568577,32.8177353],[-117.2570875,32.8176346],[-117.2570851,32.8176308],[-117.2570774,32.8176187],[-117.2570696,32.8176067],[-117.2570618,32.8175946],[-117.2570538,32.8175826],[-117.2570458,32.8175707],[-117.2570377,32.8175588],[-117.2570295,32.8175469],[-117.2570212,32.8175351],[-117.2570129,32.8175233],[-117.2570044,32.8175115],[-117.2569959,32.8174998],[-117.2569899,32.8174916],[-117.2565382,32.8177078],[-117.2565912,32.8177705]]]}},{"type":"Feature","properties":{"apn":"3585900400","address":"1530 Vista Claridad","street":"Vista Claridad","lot":"Lot 97","unit":2,"map":"6995"},"geometry":{"type":"Polygon","coordinates":[[[-117.2570875,32.8176346],[-117.2568577,32.8177353],[-117.2568938,32.8179726],[-117.2572181,32.817944],[-117.2572166,32.8179307],[-117.2572142,32.8179171],[-117.2572116,32.8179036],[-117.2572087,32.81789],[-117.2572055,32.8178766],[-117.2572021,32.8178631],[-117.2571984,32.8178497],[-117.2571945,32.8178364],[-117.2571904,32.8178231],[-117.257186,32.8178099],[-117.257184,32.8178041],[-117.2571775,32.8177915],[-117.2571709,32.817779],[-117.2571642,32.8177664],[-117.2571575,32.8177539],[-117.2571506,32.8177415],[-117.2571437,32.817729],[-117.2571366,32.8177166],[-117.2571295,32.8177043],[-117.2571224,32.8176919],[-117.2571151,32.8176796],[-117.2571077,32.8176674],[-117.2571003,32.8176552],[-117.2570927,32.817643],[-117.2570875,32.8176346]]]}},{"type":"Feature","properties":{"apn":"3585900500","address":"1524 Vista Claridad","street":"Vista Claridad","lot":"Lot 98","unit":2,"map":"6995"},"geometry":{"type":"Polygon","coordinates":[[[-117.2568938,32.8179726],[-117.2569316,32.8182212],[-117.2571705,32.8183155],[-117.2571723,32.8183114],[-117.2571777,32.8182984],[-117.2571829,32.8182854],[-117.2571878,32.8182723],[-117.2571924,32.8182591],[-117.2571967,32.8182458],[-117.2572007,32.8182325],[-117.2572045,32.8182192],[-117.257208,32.8182057],[-117.2572113,32.8181923],[-117.2572142,32.8181788],[-117.2572169,32.8181652],[-117.2572193,32.8181516],[-117.2572214,32.818138],[-117.2572232,32.8181243],[-117.2572246,32.8181089],[-117.2572255,32.8180952],[-117.2572262,32.8180815],[-117.2572266,32.8180677],[-117.2572268,32.818054],[-117.2572267,32.8180402],[-117.2572263,32.8180265],[-117.2572257,32.8180128],[-117.2572248,32.8179991],[-117.2572237,32.8179853],[-117.2572223,32.8179716],[-117.2572207,32.817958],[-117.2572181,32.817944],[-117.2568938,32.8179726]]]}},{"type":"Feature","properties":{"apn":"3585900600","address":"1496 Vista Claridad","street":"Vista Claridad","lot":"Lot 99","unit":2,"map":"6995"},"geometry":{"type":"Polygon","coordinates":[[[-117.2566423,32.818295],[-117.2570874,32.81847],[-117.2571481,32.8183624],[-117.2571545,32.8183497],[-117.2571607,32.818337],[-117.2571667,32.8183242],[-117.2571705,32.8183155],[-117.2569316,32.8182212],[-117.2568938,32.8179726],[-117.2566319,32.8179956],[-117.2566503,32.8180971],[-117.2566423,32.818295]]]}},{"type":"Feature","properties":{"apn":"3585900700","address":"1486 Vista Claridad","street":"Vista Claridad","lot":"Lot 100","unit":2,"map":"6995"},"geometry":{"type":"Polygon","coordinates":[[[-117.2565798,32.8185427],[-117.256963,32.8186909],[-117.2570874,32.81847],[-117.2566423,32.818295],[-117.2566376,32.8184132],[-117.2565798,32.8185427]]]}},{"type":"Feature","properties":{"apn":"3585900800","address":"1476 Vista Claridad","street":"Vista Claridad","lot":"Lot 101","unit":2,"map":"6995"},"geometry":{"type":"Polygon","coordinates":[[[-117.2564467,32.8187668],[-117.2568395,32.8189067],[-117.256963,32.8186909],[-117.2565798,32.8185427],[-117.2565106,32.8186974],[-117.2564467,32.8187668]]]}},{"type":"Feature","properties":{"apn":"3585900900","address":"1466 Vista Claridad","street":"Vista Claridad","lot":"Lot 102","unit":2,"map":"6995"},"geometry":{"type":"Polygon","coordinates":[[[-117.2562759,32.8189522],[-117.2566781,32.8191055],[-117.256688,32.8190942],[-117.2566985,32.8190837],[-117.2567089,32.8190732],[-117.2567192,32.8190625],[-117.2567293,32.8190517],[-117.2567392,32.8190408],[-117.256749,32.8190299],[-117.2567587,32.8190188],[-117.2567682,32.8190076],[-117.2567775,32.8189964],[-117.2567867,32.8189851],[-117.2567958,32.8189736],[-117.2568046,32.8189621],[-117.2568133,32.8189505],[-117.2568194,32.8189422],[-117.2568395,32.8189067],[-117.2564467,32.8187668],[-117.2562759,32.8189522]]]}},{"type":"Feature","properties":{"apn":"3585901000","address":"1456 Vista Claridad","street":"Vista Claridad","lot":"Lot 103","unit":2,"map":"6995"},"geometry":{"type":"Polygon","coordinates":[[[-117.2562759,32.8189522],[-117.2560777,32.8192616],[-117.2564436,32.819256],[-117.2564445,32.8192471],[-117.2564478,32.8192337],[-117.2564528,32.8192206],[-117.2564595,32.8192081],[-117.2564678,32.8191963],[-117.2564776,32.8191853],[-117.2564888,32.8191753],[-117.2565012,32.8191665],[-117.2565147,32.8191588],[-117.2565291,32.8191525],[-117.2565443,32.8191475],[-117.25656,32.8191441],[-117.2565761,32.8191421],[-117.2565924,32.8191416],[-117.2566004,32.8191419],[-117.2566166,32.8191424],[-117.2566323,32.8191391],[-117.2566464,32.8191323],[-117.2566555,32.819125],[-117.2566665,32.8191148],[-117.2566781,32.8191055],[-117.2562759,32.8189522]]]}},{"type":"Feature","properties":{"apn":"3585901100","address":"1446 Vista Claridad","street":"Vista Claridad","lot":"Lot 104","unit":2,"map":"6995"},"geometry":{"type":"Polygon","coordinates":[[[-117.2558648,32.8198684],[-117.2558806,32.8199098],[-117.2558992,32.8199054],[-117.2560683,32.8198691],[-117.2565184,32.8193735],[-117.2565061,32.8193668],[-117.2564933,32.8193583],[-117.2564816,32.8193488],[-117.2564713,32.8193381],[-117.2564624,32.8193266],[-117.2564551,32.8193144],[-117.2564495,32.8193015],[-117.2564455,32.8192881],[-117.2564434,32.8192745],[-117.2564431,32.8192608],[-117.2564436,32.819256],[-117.2560777,32.8192616],[-117.2559712,32.819565],[-117.2558648,32.8198684]]]}},{"type":"Feature","properties":{"apn":"3585901200","address":"1447 Vista Claridad","street":"Vista Claridad","lot":"Lot 105","unit":2,"map":"6995"},"geometry":{"type":"Polygon","coordinates":[[[-117.2565184,32.8193735],[-117.2560683,32.8198691],[-117.2566706,32.8197366],[-117.2567567,32.8197178],[-117.2566714,32.8193672],[-117.2566604,32.8193731],[-117.2566458,32.8193791],[-117.2566305,32.8193836],[-117.2566146,32.8193868],[-117.2565985,32.8193884],[-117.2565822,32.8193885],[-117.256566,32.8193871],[-117.2565501,32.8193841],[-117.2565347,32.8193797],[-117.2565184,32.8193735]]]}},{"type":"Feature","properties":{"apn":"3585901300","address":"1457 Vista Claridad","street":"Vista Claridad","lot":"Lot 106","unit":2,"map":"6995"},"geometry":{"type":"Polygon","coordinates":[[[-117.2566714,32.8193672],[-117.2567567,32.8197178],[-117.2568476,32.8196979],[-117.2570865,32.8195119],[-117.2568061,32.8191899],[-117.2568034,32.8191924],[-117.2567926,32.8192027],[-117.2567815,32.8192128],[-117.2567704,32.8192228],[-117.2567592,32.8192327],[-117.2567544,32.8192369],[-117.2567449,32.819248],[-117.2567384,32.8192605],[-117.2567353,32.8192727],[-117.2567334,32.8192864],[-117.2567297,32.8192998],[-117.2567243,32.8193127],[-117.2567172,32.8193251],[-117.2567085,32.8193367],[-117.2566984,32.8193474],[-117.2566869,32.8193571],[-117.2566742,32.8193657],[-117.2566714,32.8193672]]]}},{"type":"Feature","properties":{"apn":"3585901400","address":"1467 Vista Claridad","street":"Vista Claridad","lot":"Lot 107","unit":2,"map":"6995"},"geometry":{"type":"Polygon","coordinates":[[[-117.2568061,32.8191899],[-117.2570865,32.8195119],[-117.2573457,32.8193101],[-117.2569602,32.8190153],[-117.2569506,32.8190283],[-117.2569418,32.8190398],[-117.2569328,32.8190512],[-117.2569237,32.8190626],[-117.2569144,32.8190739],[-117.256905,32.8190851],[-117.2568954,32.8190963],[-117.2568857,32.8191073],[-117.2568759,32.8191183],[-117.256866,32.8191291],[-117.2568559,32.8191399],[-117.2568457,32.8191506],[-117.2568353,32.8191612],[-117.2568248,32.8191717],[-117.2568142,32.8191821],[-117.2568061,32.8191899]]]}},{"type":"Feature","properties":{"apn":"3585901500","address":"1477 Vista Claridad","street":"Vista Claridad","lot":"Lot 108","unit":2,"map":"6995"},"geometry":{"type":"Polygon","coordinates":[[[-117.2569602,32.8190153],[-117.2573457,32.8193101],[-117.2576219,32.8190951],[-117.2570752,32.8188165],[-117.2569762,32.8189932],[-117.2569678,32.8190049],[-117.2569602,32.8190153]]]}},{"type":"Feature","properties":{"apn":"3585901600","address":"1487 Vista Claridad","street":"Vista Claridad","lot":"Lot 109","unit":2,"map":"6995"},"geometry":{"type":"Polygon","coordinates":[[[-117.2570752,32.8188165],[-117.2576219,32.8190951],[-117.2577657,32.8188603],[-117.2571817,32.8186265],[-117.2570752,32.8188165]]]}},{"type":"Feature","properties":{"apn":"3585901700","address":"1497 Vista Claridad","street":"Vista Claridad","lot":"Lot 110","unit":2,"map":"6995"},"geometry":{"type":"Polygon","coordinates":[[[-117.2571817,32.8186265],[-117.2577657,32.8188603],[-117.2579264,32.8185956],[-117.2572962,32.8184192],[-117.2572936,32.8184246],[-117.2572872,32.8184373],[-117.2572825,32.8184465],[-117.2571817,32.8186265]]]}},{"type":"Feature","properties":{"apn":"3585901800","address":"1517 Vista Claridad","street":"Vista Claridad","lot":"Lot 111","unit":2,"map":"6995"},"geometry":{"type":"Polygon","coordinates":[[[-117.2572962,32.8184192],[-117.2579264,32.8185956],[-117.2581012,32.8183079],[-117.2573708,32.8181984],[-117.2573666,32.818214],[-117.2573637,32.8182275],[-117.2573605,32.818241],[-117.2573571,32.8182544],[-117.2573535,32.8182678],[-117.2573497,32.8182812],[-117.2573456,32.8182945],[-117.2573414,32.8183078],[-117.2573369,32.818321],[-117.2573322,32.8183342],[-117.2573273,32.8183473],[-117.2573222,32.8183603],[-117.2573169,32.8183733],[-117.2573114,32.8183862],[-117.2573057,32.8183991],[-117.2572997,32.8184119],[-117.2572962,32.8184192]]]}},{"type":"Feature","properties":{"apn":"3585901900","address":"1527 Vista Claridad","street":"Vista Claridad","lot":"Lot 112","unit":2,"map":"6995"},"geometry":{"type":"Polygon","coordinates":[[[-117.2573708,32.8181984],[-117.2581012,32.8183079],[-117.2581703,32.8181938],[-117.258158,32.8181535],[-117.2581105,32.8179835],[-117.2573829,32.8179812],[-117.2573838,32.8179935],[-117.2573845,32.8180072],[-117.257385,32.818021],[-117.2573852,32.8180347],[-117.2573852,32.8180484],[-117.2573849,32.8180622],[-117.2573844,32.8180759],[-117.2573837,32.8180896],[-117.2573827,32.8181034],[-117.2573815,32.8181171],[-117.25738,32.8181308],[-117.2573781,32.818146],[-117.2573763,32.8181597],[-117.2573742,32.8181733],[-117.2573719,32.8181869],[-117.2573708,32.8181984]]]}},{"type":"Feature","properties":{"apn":"3585902000","address":"1537 Vista Claridad","street":"Vista Claridad","lot":"Lot 113","unit":2,"map":"6995"},"geometry":{"type":"Polygon","coordinates":[[[-117.2573829,32.8179812],[-117.2581105,32.8179835],[-117.2580969,32.8179368],[-117.2580182,32.8176655],[-117.2573346,32.8177642],[-117.2573394,32.8177774],[-117.257344,32.8177906],[-117.2573483,32.8178038],[-117.2573524,32.8178171],[-117.2573562,32.8178305],[-117.2573599,32.8178439],[-117.2573632,32.8178573],[-117.2573664,32.8178708],[-117.2573693,32.8178843],[-117.2573719,32.8178979],[-117.2573743,32.8179115],[-117.2573765,32.8179251],[-117.2573784,32.8179387],[-117.2573801,32.8179524],[-117.2573816,32.8179661],[-117.2573829,32.8179812]]]}},{"type":"Feature","properties":{"apn":"3585902100","address":"1547 Vista Claridad","street":"Vista Claridad","lot":"Lot 114","unit":2,"map":"6995"},"geometry":{"type":"Polygon","coordinates":[[[-117.2572388,32.8175761],[-117.2572428,32.8175827],[-117.2572502,32.8175949],[-117.2572574,32.8176072],[-117.2572645,32.8176196],[-117.2572715,32.817632],[-117.2572783,32.8176445],[-117.2572851,32.817657],[-117.2572917,32.8176695],[-117.2572982,32.8176821],[-117.2573045,32.8176948],[-117.2573108,32.8177075],[-117.2573131,32.8177124],[-117.2573189,32.8177252],[-117.2573243,32.8177382],[-117.2573296,32.8177512],[-117.2573346,32.8177642],[-117.2580182,32.8176655],[-117.25793,32.8173612],[-117.2572388,32.8175761]]]}},{"type":"Feature","properties":{"apn":"3585902200","address":"1557 Vista Claridad","street":"Vista Claridad","lot":"Lot 115","unit":2,"map":"6995"},"geometry":{"type":"Polygon","coordinates":[[[-117.2571274,32.8174169],[-117.2571364,32.8174284],[-117.2571453,32.8174399],[-117.257154,32.8174515],[-117.2571627,32.8174631],[-117.2571712,32.8174748],[-117.2571797,32.8174866],[-117.257188,32.8174984],[-117.2571962,32.8175102],[-117.2572042,32.8175222],[-117.2572122,32.8175342],[-117.25722,32.8175462],[-117.2572277,32.8175583],[-117.2572353,32.8175705],[-117.2572388,32.8175761],[-117.25793,32.8173612],[-117.2579176,32.8173589],[-117.2577119,32.8173201],[-117.2573698,32.8172556],[-117.2571274,32.8174169]]]}},{"type":"Feature","properties":{"apn":"3585902300","address":"1567 Vista Claridad","street":"Vista Claridad","lot":"Lot 116","unit":2,"map":"6995"},"geometry":{"type":"Polygon","coordinates":[[[-117.257115,32.817023],[-117.2569584,32.8171463],[-117.2569473,32.8171563],[-117.2569389,32.8171681],[-117.2569338,32.8171811],[-117.2569321,32.8171947],[-117.2569339,32.8172084],[-117.2569392,32.8172213],[-117.2569476,32.8172331],[-117.2569588,32.817243],[-117.2569723,32.8172506],[-117.2569791,32.8172533],[-117.2569898,32.8172637],[-117.2570003,32.8172742],[-117.2570107,32.8172848],[-117.257021,32.8172954],[-117.2570312,32.8173061],[-117.2570413,32.8173169],[-117.2570513,32.8173277],[-117.2570612,32.8173386],[-117.257071,32.8173496],[-117.2570807,32.8173607],[-117.2570902,32.8173718],[-117.2570997,32.817383],[-117.257109,32.8173942],[-117.2571183,32.8174055],[-117.2571274,32.8174169],[-117.2573698,32.8172556],[-117.257115,32.817023]]]}},{"type":"Feature","properties":{"apn":"3585902400","address":"5590 Candlelight Drive","street":"Candlelight Drive","lot":"Lot 117","unit":2,"map":"6995"},"geometry":{"type":"Polygon","coordinates":[[[-117.2573698,32.8172556],[-117.2577119,32.8173201],[-117.2573085,32.8168705],[-117.257115,32.817023],[-117.2573698,32.8172556]]]}},{"type":"Feature","properties":{"apn":"3585902500","address":"5584 Candlelight Drive","street":"Candlelight Drive","lot":"Lot 118","unit":2,"map":"6995"},"geometry":{"type":"Polygon","coordinates":[[[-117.2577119,32.8173201],[-117.2579176,32.8173589],[-117.2575131,32.8167405],[-117.2574997,32.8167199],[-117.2574731,32.8167408],[-117.2573085,32.8168705],[-117.2577119,32.8173201]]]}},{"type":"Feature","properties":{"apn":"3585902600","address":"5578 Candlelight Drive","street":"Candlelight Drive","lot":"Lot 119","unit":2,"map":"6995"},"geometry":{"type":"Polygon","coordinates":[[[-117.2579176,32.8173589],[-117.25793,32.8173612],[-117.2579072,32.8172842],[-117.2577683,32.8168099],[-117.2577482,32.8167386],[-117.2576987,32.8165632],[-117.2574997,32.8167199],[-117.2575131,32.8167405],[-117.2579176,32.8173589]]]}},{"type":"Feature","properties":{"apn":"3585902700","address":"5571 Candlelight Drive","street":"Candlelight Drive","lot":"Lot 120","unit":2,"map":"6995"},"geometry":{"type":"Polygon","coordinates":[[[-117.2571808,32.8160624],[-117.2574428,32.8165294],[-117.2576235,32.816385],[-117.2574996,32.815958],[-117.2574541,32.815801],[-117.2574475,32.8158038],[-117.2572705,32.8159756],[-117.2571808,32.8160624]]]}},{"type":"Feature","properties":{"apn":"3585902800","address":"5577 Candlelight Drive","street":"Candlelight Drive","lot":"Lot 121","unit":2,"map":"6995"},"geometry":{"type":"Polygon","coordinates":[[[-117.2569841,32.8162531],[-117.2572596,32.8166772],[-117.2574428,32.8165294],[-117.2571808,32.8160624],[-117.2570902,32.816153],[-117.2569841,32.8162531]]]}},{"type":"Feature","properties":{"apn":"3585902900","address":"5583 Candlelight Drive","street":"Candlelight Drive","lot":"Lot 122","unit":2,"map":"6995"},"geometry":{"type":"Polygon","coordinates":[[[-117.2567964,32.8164351],[-117.2570127,32.8167446],[-117.2570719,32.8168293],[-117.2571781,32.8167432],[-117.2572596,32.8166772],[-117.2569841,32.8162531],[-117.2569035,32.8163332],[-117.2567964,32.8164351]]]}},{"type":"Feature","properties":{"apn":"3585903000","address":"5589 Candlelight Drive","street":"Candlelight Drive","lot":"Lot 123","unit":2,"map":"6995"},"geometry":{"type":"Polygon","coordinates":[[[-117.2566041,32.8166215],[-117.2567016,32.8167471],[-117.256882,32.8169796],[-117.2570719,32.8168293],[-117.2570127,32.8167446],[-117.2567964,32.8164351],[-117.2567522,32.8164801],[-117.2566041,32.8166215]]]}},{"type":"Feature","properties":{"apn":"3585903100","address":"1577 Vista Claridad","street":"Vista Claridad","lot":"Lot 124","unit":2,"map":"6995"},"geometry":{"type":"Polygon","coordinates":[[[-117.2564842,32.8170209],[-117.2566253,32.8170501],[-117.2566371,32.8170554],[-117.2566522,32.8170604],[-117.2566679,32.8170639],[-117.2566841,32.8170657],[-117.2567003,32.817066],[-117.2567047,32.8170667],[-117.2567209,32.8170682],[-117.2567371,32.8170679],[-117.2567532,32.8170657],[-117.2567687,32.8170616],[-117.2567835,32.8170558],[-117.2567972,32.8170484],[-117.2568095,32.8170395],[-117.2568203,32.8170292],[-117.256882,32.8169796],[-117.2567016,32.8167471],[-117.2566041,32.8166215],[-117.2565676,32.8167482],[-117.2565477,32.8168171],[-117.2564842,32.8170209]]]}},{"type":"Feature","properties":{"apn":"3585903200","address":null,"street":null,"lot":"Pueblo Lot 1781","unit":null,"map":null},"geometry":{"type":"Polygon","coordinates":[[[-117.2568476,32.8196979],[-117.2570038,32.8202125],[-117.2571461,32.8201792],[-117.2584383,32.8198883],[-117.2584402,32.8198744],[-117.258441,32.8198607],[-117.2584417,32.8198469],[-117.2584424,32.8198332],[-117.2584432,32.8198195],[-117.2584438,32.8198058],[-117.2584445,32.8197984],[-117.2584459,32.8197847],[-117.2584474,32.819771],[-117.258449,32.8197573],[-117.2584507,32.8197437],[-117.2584525,32.81973],[-117.2584545,32.8197164],[-117.2584566,32.8197027],[-117.2584588,32.8196891],[-117.2584612,32.8196755],[-117.2584636,32.819662],[-117.2584662,32.8196484],[-117.2584689,32.8196348],[-117.2584718,32.8196213],[-117.2584747,32.8196078],[-117.2584778,32.8195943],[-117.258481,32.8195808],[-117.2584843,32.8195674],[-117.2584878,32.8195539],[-117.2584913,32.8195405],[-117.258495,32.8195271],[-117.2584988,32.8195138],[-117.2585028,32.8195004],[-117.2585068,32.8194871],[-117.258511,32.8194739],[-117.2585153,32.8194606],[-117.2585197,32.8194474],[-117.2585242,32.8194342],[-117.2585274,32.8194285],[-117.2581703,32.8181938],[-117.2581012,32.8183079],[-117.2579264,32.8185956],[-117.2577657,32.8188603],[-117.2576219,32.8190951],[-117.2573457,32.8193101],[-117.2570865,32.8195119],[-117.2568476,32.8196979]]]}}]}
